year,fcode,employ,sales,avgsal,scrap,rework,tothrs,union,grant,d89,d88,totrain,hrsemp,lscrap,lemploy,lsales,lrework,lhrsemp,lscrap_1,grant_1,clscrap,cgrant,clemploy,clsales,lavgsal,clavgsal,cgrant_1,chrsemp,clhrsemp
1987,410032,100,47000000,35000,#N/A,#N/A,12,0,0,0,0,100,12,#N/A,4.60517025,17.66565895,#N/A,2.564949274,#N/A,0,#N/A,0,#N/A,#N/A,10.46310329,#N/A,#N/A,#N/A,#N/A
1988,410032,131,43000000,37000,#N/A,#N/A,8,0,0,0,1,50,3.053435087,#N/A,4.875197411,17.57670975,#N/A,1.399564743,#N/A,0,#N/A,0,0.270027161,-0.088949203,10.51867294,0.055569649,0,-8.946564674,-1.165384531
1989,410032,123,49000000,39000,#N/A,#N/A,8,0,0,1,0,50,3.252032518,#N/A,4.812184334,17.7073307,#N/A,1.447397113,#N/A,0,#N/A,0,-0.063013077,0.130620956,10.57131672,0.052643776,0,0.198597431,0.04783237
1987,410440,12,1560000,10500,#N/A,#N/A,12,0,0,0,0,12,12,#N/A,2.484906673,14.26019669,#N/A,2.564949274,#N/A,0,#N/A,0,#N/A,#N/A,9.259130478,#N/A,#N/A,#N/A,#N/A
1988,410440,13,1970000,11000,#N/A,#N/A,12,0,0,0,1,13,12,#N/A,2.564949274,14.49354362,#N/A,2.564949274,#N/A,0,#N/A,0,0.080042601,0.233346939,9.305650711,0.046520233,0,0,0
1989,410440,14,2350000,11500,#N/A,#N/A,10,0,0,1,0,14,10,#N/A,2.639057398,14.66992569,#N/A,2.397895336,#N/A,0,#N/A,0,0.074108124,0.176382065,9.350102425,0.044451714,0,-2,-0.167053938
1987,410495,20,750000,17680,#N/A,#N/A,50,0,0,0,0,15,37.5,#N/A,2.995732307,13.52782822,#N/A,3.650658131,#N/A,0,#N/A,0,#N/A,#N/A,9.780189514,#N/A,#N/A,#N/A,#N/A
1988,410495,25,110000,18720,#N/A,#N/A,50,0,0,0,1,10,20,#N/A,3.218875885,11.60823536,#N/A,3.044522524,#N/A,0,#N/A,0,0.223143578,-1.919592857,9.837347984,0.05715847,0,-17.5,-0.606135607
1989,410495,24,950000,19760,#N/A,#N/A,50,0,0,1,0,20,41.66666794,#N/A,3.178053856,13.76421738,#N/A,3.753417969,#N/A,0,#N/A,0,-0.040822029,2.155982018,9.891414642,0.054066658,0,21.66666794,0.708895445
1987,410500,200,23741000,13729,#N/A,#N/A,0,0,0,0,0,0,0,#N/A,5.298317432,16.9827137,#N/A,0,#N/A,0,#N/A,0,#N/A,#N/A,9.527265549,#N/A,#N/A,#N/A,#N/A
1988,410500,155,19659000,14287,#N/A,#N/A,0,0,0,0,1,0,0,#N/A,5.043425083,16.7940464,#N/A,0,#N/A,0,#N/A,0,-0.254892349,-0.188667297,9.567105293,0.039839745,0,0,0
1989,410500,80,25992000,15758,#N/A,#N/A,24,0,0,1,0,20,6,#N/A,4.382026672,17.07329941,#N/A,1.945910096,#N/A,0,#N/A,0,-0.661398411,0.279253006,9.665103912,0.097998619,0,6,1.945910096
1987,410501,#N/A,6000000,#N/A,#N/A,#N/A,0,0,0,0,0,10,#N/A,#N/A,#N/A,15.60727024,#N/A,#N/A,#N/A,0,#N/A,0,#N/A,#N/A,#N/A,#N/A,#N/A,#N/A,#N/A
1988,410501,#N/A,8000000,#N/A,#N/A,#N/A,0,0,0,0,1,20,#N/A,#N/A,#N/A,15.89495182,#N/A,#N/A,#N/A,0,#N/A,0,#N/A,0.28768158,#N/A,#N/A,0,#N/A,#N/A
1989,410501,#N/A,10000000,#N/A,#N/A,#N/A,0,0,0,1,0,25,#N/A,#N/A,#N/A,16.1180954,#N/A,#N/A,#N/A,0,#N/A,0,#N/A,0.223143578,#N/A,#N/A,0,#N/A,#N/A
1987,410509,#N/A,#N/A,#N/A,#N/A,#N/A,0,0,0,0,0,0,#N/A,#N/A,#N/A,#N/A,#N/A,#N/A,#N/A,0,#N/A,0,#N/A,#N/A,#N/A,#N/A,#N/A,#N/A,#N/A
1988,410509,#N/A,2800000,18000,#N/A,#N/A,0,0,0,0,1,0,#N/A,#N/A,#N/A,14.84512997,#N/A,#N/A,#N/A,0,#N/A,0,#N/A,#N/A,9.798127174,#N/A,0,#N/A,#N/A
1989,410509,20,3400000,18500,#N/A,#N/A,0,0,0,1,0,0,0,#N/A,2.995732307,15.03928566,#N/A,0,#N/A,0,#N/A,0,#N/A,0.194155693,9.825526237,0.027399063,0,#N/A,#N/A
1987,410513,15,1413900,18465,#N/A,#N/A,0,0,0,0,0,0,0,#N/A,2.708050251,14.16186237,#N/A,0,#N/A,0,#N/A,0,#N/A,#N/A,9.82363224,#N/A,#N/A,#N/A,#N/A
1988,410513,16,1869348,18972,#N/A,#N/A,0,0,0,0,1,0,0,#N/A,2.77258873,14.44110012,#N/A,0,#N/A,0,#N/A,0,0.064538479,0.279237747,9.850719452,0.027087212,0,0,0
1989,410513,16,1857765,19589,#N/A,#N/A,20,0,0,1,0,16,20,#N/A,2.77258873,14.43488503,#N/A,3.044522524,#N/A,0,#N/A,0,0,-0.006215096,9.882723808,0.032004356,0,20,3.044522524
1987,410517,24,#N/A,13000,#N/A,#N/A,0,1,0,0,0,0,0,#N/A,3.178053856,#N/A,#N/A,0,#N/A,0,#N/A,0,#N/A,#N/A,9.472704887,#N/A,#N/A,#N/A,#N/A
1988,410517,20,#N/A,12168,#N/A,#N/A,0,1,0,0,1,0,0,#N/A,2.995732307,#N/A,#N/A,0,#N/A,0,#N/A,0,-0.182321548,#N/A,9.406564713,-0.066140175,0,0,0
1989,410517,18,#N/A,11960,#N/A,#N/A,0,1,0,1,0,0,0,#N/A,2.890371799,#N/A,#N/A,0,#N/A,0,#N/A,0,-0.105360508,#N/A,9.389323235,-0.017241478,0,0,0
1987,410518,48,2160900,14352,#N/A,#N/A,14,0,0,0,0,3,0.875,#N/A,3.871201038,14.58603573,#N/A,0.628608644,#N/A,0,#N/A,0,#N/A,#N/A,9.571644783,#N/A,#N/A,#N/A,#N/A
1988,410518,47,2454500,16328,#N/A,#N/A,14,0,0,0,1,3,0.893617034,#N/A,3.850147486,14.71343327,#N/A,0.63848877,#N/A,0,#N/A,0,-0.021053553,0.127397537,9.700636864,0.128992081,0,0.018617034,0.009880126
1989,410518,66,3359800,17555,#N/A,#N/A,14,0,0,1,0,4,0.848484874,#N/A,4.189654827,15.02739239,#N/A,0.614366293,#N/A,0,#N/A,0,0.339507341,0.313959122,9.773094177,0.072457314,0,-0.04513216,-0.024122477
1987,410521,17,1453081,16454,#N/A,#N/A,150,0,0,0,0,5,44.11764526,#N/A,2.833213329,14.18919659,#N/A,3.809273481,#N/A,0,#N/A,0,#N/A,#N/A,9.708323479,#N/A,#N/A,#N/A,#N/A
1988,410521,16,1546911,18529,#N/A,#N/A,100,0,0,0,1,3,18.75,#N/A,2.77258873,14.25177097,#N/A,2.983153582,#N/A,0,#N/A,0,-0.060624599,0.062574387,9.827092171,0.118768692,0,-25.36764526,-0.8261199
1989,410521,14,1672366,26428,#N/A,#N/A,0,0,0,1,0,0,0,#N/A,2.639057398,14.32975006,#N/A,0,#N/A,0,#N/A,0,-0.133531332,0.077979088,10.18217945,0.35508728,0,-18.75,-2.983153582
1987,410523,70,8000000,19760,0.059999999,#N/A,40,0,0,0,0,35,20,-2.813410759,4.248495102,15.89495182,#N/A,3.044522524,#N/A,0,#N/A,0,#N/A,#N/A,9.891414642,#N/A,#N/A,#N/A,#N/A
1988,410523,85,11000000,22360,0.050000001,#N/A,40,0,0,0,1,40,18.8235302,-2.995732307,4.442651272,16.21340561,#N/A,2.986869574,-2.813410759,0,-0.182321548,0,0.19415617,0.318453789,10.01502895,0.123614311,0,-1.176469803,-0.05765295
1989,410523,98,15000000,23920,0.050000001,#N/A,60,0,0,1,0,40,24.48979568,-2.995732307,4.584967613,16.52356148,#N/A,3.238278151,-2.995732307,0,0,0,0.142316341,0.310155869,10.08246994,0.067440987,0,5.666265488,0.251408577
1987,410529,45,1535242,20000,#N/A,#N/A,0,0,0,0,0,0,0,#N/A,3.80666256,14.2441988,#N/A,0,#N/A,0,#N/A,0,#N/A,#N/A,9.903487206,#N/A,#N/A,#N/A,#N/A
1988,410529,47,3209188,22000,#N/A,#N/A,0,0,0,0,1,0,0,#N/A,3.850147486,14.98152828,#N/A,0,#N/A,0,#N/A,0,0.043484926,0.737329483,9.998797417,0.095310211,0,0,0
1989,410529,51,4030352,23650,#N/A,#N/A,2,0,0,1,0,2,0.078431375,#N/A,3.931825638,15.20936394,#N/A,0.075507551,#N/A,0,#N/A,0,0.081678152,0.227835655,10.07111835,0.072320938,0,0.078431375,0.075507551
1987,410531,200,10000000,17500,#N/A,5,0,1,0,0,0,0,0,#N/A,5.298317432,16.1180954,1.609437943,0,#N/A,0,#N/A,0,#N/A,#N/A,9.769956589,#N/A,#N/A,#N/A,#N/A
1988,410531,200,10000000,18700,#N/A,4,20,1,0,0,1,6,0.600000024,#N/A,5.298317432,16.1180954,1.386294365,0.470003635,#N/A,0,#N/A,0,0,0,9.836278915,0.066322327,0,0.600000024,0.470003635
1989,410531,190,9000000,18300,#N/A,2.220000029,20,1,0,1,0,10,1.052631617,#N/A,5.247024059,16.01273537,0.797507226,0.719122708,#N/A,0,#N/A,0,-0.051293373,-0.105360031,9.814656258,-0.021622658,0,0.452631593,0.249119073
1987,410533,14,1600000,11500,#N/A,#N/A,68,0,0,0,0,3,14.5714283,#N/A,2.639057398,14.28551388,#N/A,2.745437622,#N/A,0,#N/A,0,#N/A,#N/A,9.350102425,#N/A,#N/A,#N/A,#N/A
1988,410533,12,900000,13000,#N/A,#N/A,75,0,0,0,1,5,31.25,#N/A,2.484906673,13.71014977,#N/A,3.473518133,#N/A,0,#N/A,0,-0.154150724,-0.575364113,9.472704887,0.122602463,0,16.6785717,0.728080511
1989,410533,16,1300000,14700,#N/A,#N/A,35,0,0,1,0,9,19.6875,#N/A,2.77258873,14.07787514,#N/A,3.029529572,#N/A,0,#N/A,0,0.287682056,0.367725372,9.595602989,0.122898102,0,-11.5625,-0.443988562
1987,410535,10,420664,4237,#N/A,#N/A,0,0,0,0,0,0,0,#N/A,2.302585125,12.94958973,#N/A,0,#N/A,0,#N/A,0,#N/A,#N/A,8.351611137,#N/A,#N/A,#N/A,#N/A
1988,410535,11,544602,7484,#N/A,#N/A,0,0,0,0,1,0,0,#N/A,2.397895336,13.2078104,#N/A,0,#N/A,0,#N/A,0,0.095310211,0.258220673,8.92052269,0.568911552,0,0,0
1989,410535,9,495331,9548,#N/A,#N/A,0,0,0,1,0,0,0,#N/A,2.197224617,13.1129818,#N/A,0,#N/A,0,#N/A,0,-0.200670719,-0.094828606,9.164087296,0.243564606,0,0,0
1987,410536,15,1502502,11742,#N/A,#N/A,12,0,0,0,0,2,1.600000024,#N/A,2.708050251,14.22264194,#N/A,0.955511451,#N/A,0,#N/A,0,#N/A,#N/A,9.370927811,#N/A,#N/A,#N/A,#N/A
1988,410536,16,1840912,12740,#N/A,#N/A,12,0,0,0,1,2,1.5,#N/A,2.77258873,14.42577171,#N/A,0.91629076,#N/A,0,#N/A,0,0.064538479,0.203129768,9.452502251,0.08157444,0,-0.100000024,-0.039220691
1989,410536,18,2273869,13700,#N/A,#N/A,8,0,0,1,0,3,1.333333373,#N/A,2.890371799,14.63699341,#N/A,0.847297907,#N/A,0,#N/A,0,0.11778307,0.211221695,9.525151253,0.072649002,0,-0.166666627,-0.068992853
1987,410538,#N/A,#N/A,19760,2.640000105,#N/A,0,1,0,0,0,0,#N/A,0.970778942,#N/A,#N/A,#N/A,#N/A,#N/A,0,#N/A,0,#N/A,#N/A,9.891414642,#N/A,#N/A,#N/A,#N/A
1988,410538,#N/A,6276271,20800,2.74000001,#N/A,0,1,0,0,1,0,#N/A,1.007957935,#N/A,15.65228653,#N/A,#N/A,0.970778942,0,0.037178993,0,#N/A,#N/A,9.942708015,0.051293373,0,#N/A,#N/A
1989,410538,60,5286605,20800,2.539999962,#N/A,30,1,0,1,0,50,25,0.932164073,4.094344616,15.48068714,#N/A,3.258096457,1.007957935,0,-0.075793862,0,#N/A,-0.171599388,9.942708015,0,0,#N/A,#N/A
1987,410540,50,5200000,20000,#N/A,#N/A,0,0,0,0,0,0,0,#N/A,3.912023067,15.4641695,#N/A,0,#N/A,0,#N/A,0,#N/A,#N/A,9.903487206,#N/A,#N/A,#N/A,#N/A
1988,410540,50,6500000,23000,#N/A,#N/A,0,0,0,0,1,0,0,#N/A,3.912023067,15.68731308,#N/A,0,#N/A,0,#N/A,0,0,0.223143578,10.04324913,0.139761925,0,0,0
1989,410540,55,5600000,25000,#N/A,#N/A,0,0,0,1,0,0,0,#N/A,4.007333279,15.53827763,#N/A,0,#N/A,0,#N/A,0,0.095310211,-0.149035454,10.12663078,0.083381653,0,0,0
1987,410544,30,#N/A,19760,#N/A,#N/A,0,0,0,0,0,0,0,#N/A,3.401197433,#N/A,#N/A,0,#N/A,0,#N/A,0,#N/A,#N/A,9.891414642,#N/A,#N/A,#N/A,#N/A
1988,410544,32,#N/A,20280,#N/A,#N/A,10,0,0,0,1,4,1.25,#N/A,3.465735912,#N/A,#N/A,0.810930192,#N/A,0,#N/A,0,0.064538479,#N/A,9.917390823,0.025976181,0,1.25,0.810930192
1989,410544,34,#N/A,20800,#N/A,#N/A,10,0,0,1,0,6,1.764705896,#N/A,3.526360512,#N/A,#N/A,1.016934276,#N/A,0,#N/A,0,0.060624599,#N/A,9.942708015,0.025317192,0,0.514705896,0.206004083
1987,410546,153,10000000,12500,#N/A,#N/A,8,0,0,0,0,7,0.36601308,#N/A,5.030437946,16.1180954,#N/A,0.311896324,#N/A,0,#N/A,0,#N/A,#N/A,9.433484077,#N/A,#N/A,#N/A,#N/A
1988,410546,134,11000000,13000,#N/A,#N/A,8,0,0,0,1,6,0.358208954,#N/A,4.897840023,16.21340561,#N/A,0.306166887,#N/A,0,#N/A,0,-0.132597923,0.095310211,9.472704887,0.03922081,0,-0.007804126,-0.005729437
1989,410546,146,12000000,13500,#N/A,#N/A,40,0,0,1,0,28,7.6712327,#N/A,4.983606815,16.30041695,#N/A,2.160011053,#N/A,0,#N/A,0,0.085766792,0.087011337,9.510444641,0.037739754,0,7.313023567,1.853844166
1987,410547,20,2300000,20000,#N/A,10,0,0,0,0,0,0,0,#N/A,2.995732307,14.64841938,2.302585125,0,#N/A,0,#N/A,0,#N/A,#N/A,9.903487206,#N/A,#N/A,#N/A,#N/A
1988,410547,23,2500000,23000,#N/A,10,0,0,0,0,1,0,0,#N/A,3.135494232,14.73180103,2.302585125,0,#N/A,0,#N/A,0,0.139761925,0.083381653,10.04324913,0.139761925,0,0,0
1989,410547,25,3000000,25000,#N/A,10,48,0,0,1,0,1,1.919999957,#N/A,3.218875885,14.91412258,2.302585125,1.071583629,#N/A,0,#N/A,0,0.083381653,0.182321548,10.12663078,0.083381653,0,1.919999957,1.071583629
1987,410556,#N/A,#N/A,#N/A,#N/A,#N/A,0,0,0,0,0,0,#N/A,#N/A,#N/A,#N/A,#N/A,#N/A,#N/A,0,#N/A,0,#N/A,#N/A,#N/A,#N/A,#N/A,#N/A,#N/A
1988,410556,#N/A,#N/A,#N/A,#N/A,#N/A,0,0,0,0,1,0,#N/A,#N/A,#N/A,#N/A,#N/A,#N/A,#N/A,0,#N/A,0,#N/A,#N/A,#N/A,#N/A,0,#N/A,#N/A
1989,410556,131,7588770,16640,#N/A,#N/A,0,0,0,1,0,0,0,#N/A,4.875197411,15.84218025,#N/A,0,#N/A,0,#N/A,0,#N/A,#N/A,9.719564438,#N/A,0,#N/A,#N/A
1987,410560,22,725000,9000,#N/A,#N/A,0,0,0,0,0,0,0,#N/A,3.091042519,13.493927,#N/A,0,#N/A,0,#N/A,0,#N/A,#N/A,9.104979515,#N/A,#N/A,#N/A,#N/A
1988,410560,25,785000,9000,#N/A,#N/A,0,0,0,0,1,0,0,#N/A,3.218875885,13.57343864,#N/A,0,#N/A,0,#N/A,0,0.127833366,0.079511642,9.104979515,0,0,0,0
1989,410560,23,785000,10000,#N/A,#N/A,0,0,0,1,0,0,0,#N/A,3.135494232,13.57343864,#N/A,0,#N/A,0,#N/A,0,-0.083381653,0,9.2103405,0.105360985,0,0,0
1987,410561,6,501859,#N/A,#N/A,#N/A,0,0,0,0,0,0,0,#N/A,1.791759491,13.12607479,#N/A,0,#N/A,0,#N/A,0,#N/A,#N/A,#N/A,#N/A,#N/A,#N/A,#N/A
1988,410561,6,580415,#N/A,#N/A,#N/A,0,0,0,0,1,0,0,#N/A,1.791759491,13.27149868,#N/A,0,#N/A,0,#N/A,0,0,0.145423889,#N/A,#N/A,0,0,0
1989,410561,9,735442,#N/A,#N/A,#N/A,64,0,0,1,0,1,7.111111164,#N/A,2.197224617,13.50822735,#N/A,2.093234777,#N/A,0,#N/A,0,0.405465126,0.236728668,#N/A,#N/A,0,7.111111164,2.093234777
1987,410562,15,4000000,32000,#N/A,#N/A,10,0,0,0,0,2,1.333333373,#N/A,2.708050251,15.20180511,#N/A,0.847297907,#N/A,0,#N/A,0,#N/A,#N/A,10.37349129,#N/A,#N/A,#N/A,#N/A
1988,410562,18,5000000,34000,#N/A,#N/A,10,0,0,0,1,2,1.111111164,#N/A,2.890371799,15.42494869,#N/A,0.747214437,#N/A,0,#N/A,0,0.182321548,0.223143578,10.43411541,0.060624123,0,-0.222222209,-0.10008347
1989,410562,19,7000000,38000,#N/A,#N/A,25,0,0,1,0,6,7.894736767,#N/A,2.944438934,15.76142025,#N/A,2.185459614,#N/A,0,#N/A,0,0.054067135,0.336471558,10.54534149,0.111226082,0,6.783625603,1.438245177
1987,410563,73,5300000,21500,6,#N/A,0,1,0,0,0,0,0,1.791759491,4.290459633,15.48321724,#N/A,0,#N/A,0,#N/A,0,#N/A,#N/A,9.975808144,#N/A,#N/A,#N/A,#N/A
1988,410563,76,5800000,22200,7,#N/A,0,1,0,0,1,0,0,1.945910096,4.330733299,15.57336807,#N/A,0,1.791759491,0,0.154150605,0,0.040273666,0.090150833,10.00784779,0.032039642,0,0,0
1989,410563,80,6400000,23000,5,#N/A,50,1,0,1,0,8,5,1.609437943,4.382026672,15.67180824,#N/A,1.791759491,1.945910096,0,-0.336472154,0,0.051293373,0.09844017,10.04324913,0.035401344,0,5,1.791759491
1987,410564,160,#N/A,20000,#N/A,4.300000191,20,0,0,0,0,15,1.875,#N/A,5.075173855,#N/A,1.458615065,1.056052685,#N/A,0,#N/A,0,#N/A,#N/A,9.903487206,#N/A,#N/A,#N/A,#N/A
1988,410564,150,#N/A,21000,#N/A,4.099999905,20,0,0,0,1,20,2.666666746,#N/A,5.010635376,#N/A,1.4109869,1.299283028,#N/A,0,#N/A,0,-0.064538479,#N/A,9.952278137,0.048790932,0,0.791666746,0.243230343
1989,410564,150,#N/A,22000,#N/A,4,25,0,0,1,0,35,5.833333492,#N/A,5.010635376,#N/A,1.386294365,1.921812654,#N/A,0,#N/A,0,0,#N/A,9.998797417,0.046519279,0,3.166666746,0.622529626
1987,410565,90,#N/A,20620,21,#N/A,0,1,0,0,0,0,0,3.044522524,4.499809742,#N/A,#N/A,0,#N/A,0,#N/A,0,#N/A,#N/A,9.934017181,#N/A,#N/A,#N/A,#N/A
1988,410565,112,21780000,20180,11,#N/A,0,1,0,0,1,0,0,2.397895336,4.718498707,16.89650345,#N/A,0,3.044522524,0,-0.646627188,0,0.218688965,#N/A,9.912446976,-0.021570206,0,0,0
1989,410565,128,25829000,21500,0.400000006,#N/A,16,1,0,1,0,128,16,-0.9162907,4.852030277,17.06700897,#N/A,2.833213329,2.397895336,0,-3.314186096,0,0.13353157,0.170505524,9.975808144,0.063361168,0,16,2.833213329
1987,410566,14,2101581,14850,7,#N/A,8,0,0,0,0,12,6.857142925,1.945910096,2.639057398,14.55820084,#N/A,2.061423063,#N/A,0,#N/A,0,#N/A,#N/A,9.605754852,#N/A,#N/A,#N/A,#N/A
1988,410566,16,2400723,18100,5,#N/A,3,0,0,0,1,10,1.875,1.609437943,2.77258873,14.69128036,#N/A,1.056052685,1.945910096,0,-0.336472154,0,0.133531332,0.133079529,9.803667068,0.197912216,0,-4.982142925,-1.005370378
1989,410566,13,2470633,20500,4.5,#N/A,4,0,0,1,0,10,3.076923132,1.504077435,2.564949274,14.71998501,#N/A,1.405342579,1.609437943,0,-0.105360508,0,-0.207639456,0.028704643,9.928179741,0.124512672,0,1.201923132,0.349289894
1987,410567,40,3000000,10000,1,0.5,0,0,0,0,0,0,0,0,3.68887949,14.91412258,-0.693147182,0,#N/A,0,#N/A,0,#N/A,#N/A,9.2103405,#N/A,#N/A,#N/A,#N/A
1988,410567,48,3800000,11000,0.5,0.25,0,0,0,0,1,0,0,-0.693147182,3.871201038,15.15051174,-1.386294365,0,0,0,-0.693147182,0,0.182321548,0.23638916,9.305650711,0.095310211,0,0,0
1989,410567,50,3100000,11500,0.280000001,0.129999995,16,0,0,1,0,50,16,-1.27296567,3.912023067,14.94691277,-2.040220976,2.833213329,-0.693147182,0,-0.579818487,0,0.040822029,-0.203598976,9.350102425,0.044451714,0,16,2.833213329
1987,410569,20,#N/A,26000,#N/A,#N/A,0,0,0,0,0,0,0,#N/A,2.995732307,#N/A,#N/A,0,#N/A,0,#N/A,0,#N/A,#N/A,10.16585159,#N/A,#N/A,#N/A,#N/A
1988,410569,24,#N/A,28000,#N/A,#N/A,0,0,0,0,1,0,0,#N/A,3.178053856,#N/A,#N/A,0,#N/A,0,#N/A,0,0.182321548,#N/A,10.23995972,0.074108124,0,0,0
1989,410569,30,#N/A,30000,#N/A,#N/A,0,0,0,1,0,0,0,#N/A,3.401197433,#N/A,#N/A,0,#N/A,0,#N/A,0,0.223143578,#N/A,10.30895233,0.068992615,0,0,0
1987,410571,17,755050,10400,#N/A,0.01,25,0,0,0,0,17,25,#N/A,2.833213329,13.53453922,-4.60517025,3.258096457,#N/A,0,#N/A,0,#N/A,#N/A,9.24956131,#N/A,#N/A,#N/A,#N/A
1988,410571,15,1102723,10400,#N/A,0.01,25,0,0,0,1,15,25,#N/A,2.708050251,13.91329288,-4.60517025,3.258096457,#N/A,0,#N/A,0,-0.125163078,0.378753662,9.24956131,0,0,0,0
1989,410571,20,1073785,10400,#N/A,0.01,25,0,0,1,0,10,12.5,#N/A,2.995732307,13.88670063,-4.60517025,2.602689743,#N/A,0,#N/A,0,0.287682056,-0.026592255,9.24956131,0,0,-12.5,-0.655406713
1987,410577,75,4750000,16120,1.679999948,1.889999986,3,0,0,0,0,30,1.200000048,0.518793762,4.317488194,15.37365532,0.636576831,0.788457394,#N/A,0,#N/A,0,#N/A,#N/A,9.687815666,#N/A,#N/A,#N/A,#N/A
1988,410577,80,5100000,16432,1.570000052,1.75999999,4,0,0,0,1,35,1.75,0.451075643,4.382026672,15.44475079,0.565313816,1.011600971,0.518793762,0,-0.067718118,0,0.064538479,0.071095467,9.706985474,0.019169807,0,0.549999952,0.223143578
1989,410577,94,5500000,16640,1.639999986,1.820000052,4,0,0,1,0,35,1.489361644,0.49469623,4.543294907,15.5202589,0.598836541,0.912026286,0.451075643,0,0.043620586,0,0.161268234,0.075508118,9.719564438,0.012578964,0,-0.260638356,-0.099574685
1987,410586,116,11000000,23500,#N/A,#N/A,47,0,0,0,0,96,38.89655304,#N/A,4.753590107,16.21340561,#N/A,3.686290026,#N/A,0,#N/A,0,#N/A,#N/A,10.06475544,#N/A,#N/A,#N/A,#N/A
1988,410586,114,11000000,24000,#N/A,#N/A,47,0,0,0,1,94,38.7543869,#N/A,4.736198425,16.21340561,#N/A,3.682720184,#N/A,0,#N/A,0,-0.017391682,0,10.08580875,0.021053314,0,-0.142166138,-0.003569841
1989,410586,119,11000000,24600,#N/A,#N/A,47,0,0,1,0,99,39.10084152,#N/A,4.779123306,16.21340561,#N/A,3.691397429,#N/A,0,#N/A,0,0.042924881,0,10.11050129,0.024692535,0,0.34645462,0.008677244
1987,410591,25,#N/A,12180,#N/A,#N/A,0,0,0,0,0,0,0,#N/A,3.218875885,#N/A,#N/A,0,#N/A,0,#N/A,0,#N/A,#N/A,9.407550812,#N/A,#N/A,#N/A,#N/A
1988,410591,33,#N/A,13000,#N/A,#N/A,50,0,0,0,1,1,1.515151501,#N/A,3.496507645,#N/A,#N/A,0.922333062,#N/A,0,#N/A,0,0.27763176,#N/A,9.472704887,0.065154076,0,1.515151501,0.922333062
1989,410591,37,#N/A,14500,#N/A,#N/A,40,0,0,1,0,2,2.162162066,#N/A,3.610917807,#N/A,#N/A,1.151255965,#N/A,0,#N/A,0,0.114410162,#N/A,9.581903458,0.10919857,0,0.647010565,0.228922904
1987,410592,20,#N/A,#N/A,30,40,#N/A,0,0,0,0,20,#N/A,3.401197433,2.995732307,#N/A,3.68887949,#N/A,#N/A,0,#N/A,0,#N/A,#N/A,#N/A,#N/A,#N/A,#N/A,#N/A
1988,410592,20,#N/A,#N/A,24,27,#N/A,0,0,0,1,20,#N/A,3.178053856,2.995732307,#N/A,3.295836926,#N/A,3.401197433,0,-0.223143578,0,0,#N/A,#N/A,#N/A,0,#N/A,#N/A
1989,410592,10,#N/A,#N/A,20,15,#N/A,0,0,1,0,10,#N/A,2.995732307,2.302585125,#N/A,2.708050251,#N/A,3.178053856,0,-0.182321548,0,-0.693147182,#N/A,#N/A,#N/A,0,#N/A,#N/A
1987,410593,5,3500000,#N/A,1,#N/A,0,0,0,0,0,0,0,0,1.609437943,15.06827354,#N/A,0,#N/A,0,#N/A,0,#N/A,#N/A,#N/A,#N/A,#N/A,#N/A,#N/A
1988,410593,5,3800000,#N/A,1,#N/A,0,0,0,0,1,0,0,0,1.609437943,15.15051174,#N/A,0,0,0,0,0,0,0.082238197,#N/A,#N/A,0,0,0
1989,410593,5,4000000,#N/A,1,#N/A,0,0,0,1,0,0,0,0,1.609437943,15.20180511,#N/A,0,0,0,0,0,0,0.051293373,#N/A,#N/A,0,0,0
1987,410596,8,990400,12480,10,#N/A,10,0,0,0,0,8,10,2.302585125,2.079441547,13.80586433,#N/A,2.397895336,#N/A,0,#N/A,0,#N/A,#N/A,9.431882858,#N/A,#N/A,#N/A,#N/A
1988,410596,16,1166100,13520,6,#N/A,12,0,0,0,1,16,12,1.791759491,2.77258873,13.96917534,#N/A,2.564949274,2.302585125,0,-0.510825634,0,0.693147182,0.163311005,9.511925697,0.080042839,0,2,0.167053938
1989,410596,20,1815900,14560,4,#N/A,14,0,0,1,0,20,14,1.386294365,2.995732307,14.41209221,#N/A,2.708050251,1.791759491,0,-0.405465126,0,0.223143578,0.44291687,9.586032867,0.07410717,0,2,0.143100977
1987,410603,10,1212478,12700,#N/A,#N/A,105,0,0,0,0,4,42,#N/A,2.302585125,14.0081768,#N/A,3.76120019,#N/A,0,#N/A,0,#N/A,#N/A,9.449357033,#N/A,#N/A,#N/A,#N/A
1988,410603,14,1159622,13600,#N/A,#N/A,105,0,0,0,1,3,22.5,#N/A,2.639057398,13.96360493,#N/A,3.157000303,#N/A,0,#N/A,0,0.336472273,-0.044571877,9.517825127,0.068468094,0,-19.5,-0.604199886
1989,410603,17,1612170,14900,#N/A,#N/A,#N/A,0,0,1,0,0,#N/A,#N/A,2.833213329,14.29309177,#N/A,#N/A,#N/A,0,#N/A,0,0.194155931,0.329486847,9.609116554,0.091291428,0,#N/A,#N/A
1987,410604,60,#N/A,8320,#N/A,#N/A,0,0,0,0,0,0,0,#N/A,4.094344616,#N/A,#N/A,0,#N/A,0,#N/A,0,#N/A,#N/A,9.026417732,#N/A,#N/A,#N/A,#N/A
1988,410604,100,#N/A,8940,#N/A,#N/A,0,0,0,0,1,0,0,#N/A,4.60517025,#N/A,#N/A,0,#N/A,0,#N/A,0,0.510825634,#N/A,9.098290443,0.071872711,0,0,0
1989,410604,190,#N/A,10400,#N/A,#N/A,0,0,0,1,0,0,0,#N/A,5.247024059,#N/A,#N/A,0,#N/A,0,#N/A,0,0.641853809,#N/A,9.24956131,0.151270866,0,0,0
1987,410606,124,10507000,#N/A,0.660000026,#N/A,10,0,0,0,0,43,3.467741966,-0.415515393,4.820281506,16.16755295,#N/A,1.496883154,#N/A,0,#N/A,0,#N/A,#N/A,#N/A,#N/A,#N/A,#N/A,#N/A
1988,410606,127,12172850,14538,0.340000004,#N/A,8,0,0,0,1,30,1.889763832,-1.078809619,4.84418726,16.31471825,#N/A,1.06117475,-0.415515393,0,-0.663294196,0,0.023905754,0.147165298,9.584521294,#N/A,0,-1.577978134,-0.435708404
1989,410606,128,12039550,14865,0.389999986,#N/A,28,0,0,1,0,87,19.03125,-0.941608548,4.852030277,16.30370712,#N/A,2.997293472,-1.078809619,0,0.137201071,0,0.007843018,-0.011011124,9.606764793,0.0222435,0,17.14148712,1.936118722
1987,410609,22,1650831,24900,#N/A,#N/A,0,0,0,0,0,0,0,#N/A,3.091042519,14.31678963,#N/A,0,#N/A,0,#N/A,0,#N/A,#N/A,10.12262344,#N/A,#N/A,#N/A,#N/A
1988,410609,37,1817961,23000,#N/A,#N/A,0,0,0,0,1,0,0,#N/A,3.610917807,14.41322613,#N/A,0,#N/A,0,#N/A,0,0.519875288,0.096436501,10.04324913,-0.079374313,0,0,0
1989,410609,44,1642441,23200,#N/A,#N/A,0,0,0,1,0,0,0,#N/A,3.784189701,14.31169415,#N/A,0,#N/A,0,#N/A,0,0.173271894,-0.101531982,10.05190754,0.008658409,0,0,0
1987,410612,60,7000000,8840,#N/A,#N/A,12,0,0,0,0,60,12,#N/A,4.094344616,15.76142025,#N/A,2.564949274,#N/A,0,#N/A,0,#N/A,#N/A,9.087041855,#N/A,#N/A,#N/A,#N/A
1988,410612,65,8500000,9880,#N/A,#N/A,12,0,0,0,1,65,12,#N/A,4.174387455,15.9555769,#N/A,2.564949274,#N/A,0,#N/A,0,0.080042839,0.194156647,9.198267937,0.111226082,0,0,0
1989,410612,70,11000000,10920,#N/A,#N/A,12,0,0,1,0,70,12,#N/A,4.248495102,16.21340561,#N/A,2.564949274,#N/A,0,#N/A,0,0.074107647,0.257828712,9.298351288,0.100083351,0,0,0
1987,410626,27,4600000,18000,0.870000005,#N/A,24,1,0,0,0,3,2.666666746,-0.139262065,3.295836926,15.34156704,#N/A,1.299283028,#N/A,0,#N/A,0,#N/A,#N/A,9.798127174,#N/A,#N/A,#N/A,#N/A
1988,410626,28,4900000,19000,0.819999993,#N/A,16,1,0,0,1,2,1.142857194,-0.198450953,3.33220458,15.40474606,#N/A,0.762140095,-0.139262065,0,-0.059188887,0,0.036367655,0.063179016,9.852193832,0.054066658,0,-1.523809552,-0.537142932
1989,410626,30,5600000,21000,0.709999979,#N/A,32,1,0,1,0,6,6.400000095,-0.342490345,3.401197433,15.53827763,#N/A,2.001480103,-0.198450953,0,-0.144039392,0,0.068992853,0.13353157,9.952278137,0.100084305,0,5.257143021,1.239340067
1987,410627,25,2900000,21830,#N/A,#N/A,#N/A,1,0,0,0,25,#N/A,#N/A,3.218875885,14.88022137,#N/A,#N/A,#N/A,0,#N/A,0,#N/A,#N/A,9.99104023,#N/A,#N/A,#N/A,#N/A
1988,410627,25,2800000,22454,#N/A,#N/A,#N/A,1,0,0,1,25,#N/A,#N/A,3.218875885,14.84512997,#N/A,#N/A,#N/A,0,#N/A,0,0,-0.0350914,10.01922417,0.028183937,0,#N/A,#N/A
1989,410627,25,2900000,23078,#N/A,#N/A,#N/A,1,0,1,0,25,#N/A,#N/A,3.218875885,14.88022137,#N/A,#N/A,#N/A,0,#N/A,0,0,0.0350914,10.04663467,0.027410507,0,#N/A,#N/A
1987,410629,16,1100000,18500,1.200000048,0.579999983,#N/A,0,0,0,0,16,#N/A,0.182321593,2.77258873,13.91082096,-0.544727206,#N/A,#N/A,0,#N/A,0,#N/A,#N/A,9.825526237,#N/A,#N/A,#N/A,#N/A
1988,410629,19,2050000,21000,0.529999971,0.25,#N/A,0,0,0,1,19,#N/A,-0.634878337,2.944438934,14.53334999,-1.386294365,#N/A,0.182321593,0,-0.817199945,0,0.171850204,0.62252903,9.952278137,0.1267519,0,#N/A,#N/A
1989,410629,23,2260000,23500,0.49000001,0.360000014,#N/A,0,0,1,0,23,#N/A,-0.713349879,3.135494232,14.63087559,-1.021651149,#N/A,-0.634878337,0,-0.078471541,0,0.191055298,0.097525597,10.06475544,0.112477303,0,#N/A,#N/A
1987,410635,100,20000000,22000,#N/A,#N/A,0,1,0,0,0,0,0,#N/A,4.60517025,16.81124306,#N/A,0,#N/A,0,#N/A,0,#N/A,#N/A,9.998797417,#N/A,#N/A,#N/A,#N/A
1988,410635,95,18000000,22000,#N/A,#N/A,1,1,0,0,1,1,0.010526316,#N/A,4.553876877,16.70588303,#N/A,0.0104713,#N/A,0,#N/A,0,-0.051293373,-0.105360031,9.998797417,0,0,0.010526316,0.0104713
1989,410635,85,16000000,22000,#N/A,#N/A,20,1,0,1,0,50,11.76470566,#N/A,4.442651272,16.58809853,#N/A,2.546684027,#N/A,0,#N/A,0,-0.111225605,-0.1177845,9.998797417,0,0,11.754179,2.536212683
1987,410636,8,386807,14110,#N/A,#N/A,#N/A,0,0,0,0,8,#N/A,#N/A,2.079441547,12.86568069,#N/A,#N/A,#N/A,0,#N/A,0,#N/A,#N/A,9.554638863,#N/A,#N/A,#N/A,#N/A
1988,410636,10,734613,14040,#N/A,#N/A,#N/A,0,0,0,1,10,#N/A,#N/A,2.302585125,13.50709915,#N/A,#N/A,#N/A,0,#N/A,0,0.223143578,0.641418457,9.549665451,-0.004973412,0,#N/A,#N/A
1989,410636,8,518842,14126,#N/A,#N/A,#N/A,0,0,1,0,8,#N/A,#N/A,2.079441547,13.15935421,#N/A,#N/A,#N/A,0,#N/A,0,-0.223143578,-0.347744942,9.555772781,0.00610733,0,#N/A,#N/A
1987,410639,135,14000000,20384,#N/A,#N/A,1,1,0,0,0,50,0.370370358,#N/A,4.905274868,16.45456696,#N/A,0.31508103,#N/A,0,#N/A,0,#N/A,#N/A,9.922505379,#N/A,#N/A,#N/A,#N/A
1988,410639,135,15000000,20800,#N/A,#N/A,3,1,0,0,1,75,1.666666627,#N/A,4.905274868,16.52356148,#N/A,0.980829239,#N/A,0,#N/A,0,0,0.068994522,9.942708015,0.020202637,0,1.296296239,0.665748239
1989,410639,144,15500000,20592,#N/A,#N/A,5,1,0,1,0,100,3.472222328,#N/A,4.969813347,16.55635071,#N/A,1.497885466,#N/A,0,#N/A,0,0.064538479,0.03278923,9.932658195,-0.01004982,0,1.805555701,0.517056227
1987,410640,13,1656000,19266,#N/A,#N/A,240,0,0,0,0,3,55.38461685,#N/A,2.564949274,14.31991577,#N/A,4.032196522,#N/A,0,#N/A,0,#N/A,#N/A,9.86609745,#N/A,#N/A,#N/A,#N/A
1988,410640,11,1527000,20867,#N/A,#N/A,200,0,0,0,1,2,36.36363602,#N/A,2.397895336,14.23881531,#N/A,3.620697975,#N/A,0,#N/A,0,-0.167053938,-0.081100464,9.945923805,0.079826355,0,-19.02098083,-0.411498547
1989,410640,13,1454000,25154,#N/A,#N/A,200,0,0,1,0,2,30.76922989,#N/A,2.564949274,14.18982887,#N/A,3.45849824,#N/A,0,#N/A,0,0.167053938,-0.048986435,10.13277245,0.18684864,0,-5.594406128,-0.162199736
1987,410641,#N/A,3600000,#N/A,#N/A,#N/A,#N/A,0,0,0,0,#N/A,#N/A,#N/A,#N/A,15.09644413,#N/A,#N/A,#N/A,0,#N/A,0,#N/A,#N/A,#N/A,#N/A,#N/A,#N/A,#N/A
1988,410641,#N/A,3900000,#N/A,#N/A,#N/A,#N/A,0,0,0,1,#N/A,#N/A,#N/A,#N/A,15.17648697,#N/A,#N/A,#N/A,0,#N/A,0,#N/A,0.080042839,#N/A,#N/A,0,#N/A,#N/A
1989,410641,#N/A,5200000,#N/A,#N/A,#N/A,#N/A,0,0,1,0,#N/A,#N/A,#N/A,#N/A,15.4641695,#N/A,#N/A,#N/A,0,#N/A,0,#N/A,0.287682533,#N/A,#N/A,0,#N/A,#N/A
1987,410642,#N/A,#N/A,#N/A,#N/A,#N/A,0,0,0,0,0,0,#N/A,#N/A,#N/A,#N/A,#N/A,#N/A,#N/A,0,#N/A,0,#N/A,#N/A,#N/A,#N/A,#N/A,#N/A,#N/A
1988,410642,#N/A,#N/A,#N/A,#N/A,#N/A,45,0,0,0,1,25,#N/A,#N/A,#N/A,#N/A,#N/A,#N/A,#N/A,0,#N/A,0,#N/A,#N/A,#N/A,#N/A,0,#N/A,#N/A
1989,410642,#N/A,#N/A,#N/A,#N/A,#N/A,45,0,0,1,0,25,#N/A,#N/A,#N/A,#N/A,#N/A,#N/A,#N/A,0,#N/A,0,#N/A,#N/A,#N/A,#N/A,0,#N/A,#N/A
1987,410649,30,2100000,25500,#N/A,#N/A,#N/A,0,0,0,0,30,#N/A,#N/A,3.401197433,14.55744743,#N/A,#N/A,#N/A,0,#N/A,0,#N/A,#N/A,10.14643383,#N/A,#N/A,#N/A,#N/A
1988,410649,27,2252000,26000,#N/A,#N/A,#N/A,0,0,0,1,27,#N/A,#N/A,3.295836926,14.62732887,#N/A,#N/A,#N/A,0,#N/A,0,-0.105360508,0.069881439,10.16585159,0.019417763,0,#N/A,#N/A
1989,410649,24,1866064,28000,#N/A,#N/A,#N/A,0,0,1,0,24,#N/A,#N/A,3.178053856,14.43934155,#N/A,#N/A,#N/A,0,#N/A,0,-0.11778307,-0.187987328,10.23995972,0.074108124,0,#N/A,#N/A
1987,410653,14,1950000,16000,1.059999943,#N/A,#N/A,1,0,0,0,14,#N/A,0.058268853,2.639057398,14.48334026,#N/A,#N/A,#N/A,0,#N/A,0,#N/A,#N/A,9.680343628,#N/A,#N/A,#N/A,#N/A
1988,410653,13,1850000,17000,1.029999971,#N/A,#N/A,1,0,0,1,13,#N/A,0.029558774,2.564949274,14.43069649,#N/A,#N/A,0.058268853,0,-0.028710078,0,-0.074108124,-0.052643776,9.740968704,0.060625076,0,#N/A,#N/A
1989,410653,12,1550000,18000,1.139999986,#N/A,#N/A,1,0,1,0,12,#N/A,0.13102825,2.484906673,14.25376511,#N/A,#N/A,0.029558774,0,0.101469472,0,-0.080042601,-0.176931381,9.798127174,0.05715847,0,#N/A,#N/A
1987,410665,#N/A,#N/A,#N/A,0.050000001,0.059999999,0,0,0,0,0,0,#N/A,-2.995732307,#N/A,#N/A,-2.813410759,#N/A,#N/A,0,#N/A,0,#N/A,#N/A,#N/A,#N/A,#N/A,#N/A,#N/A
1988,410665,12,1000000,29120,0.079999998,0.029999999,16,0,0,0,1,2,2.666666746,-2.525728703,2.484906673,13.81551075,-3.506557941,1.299283028,-2.995732307,0,0.470003605,0,#N/A,#N/A,10.27918053,#N/A,0,#N/A,#N/A
1989,410665,14,1200000,29120,0.029999999,0.090000004,16,0,0,1,0,4,4.571428776,-3.506557941,2.639057398,13.9978323,-2.407945633,1.717651486,-2.525728703,0,-0.980829239,0,0.154150724,0.182321548,10.27918053,0,0,1.90476203,0.418368459
1987,410679,30,#N/A,26000,#N/A,3,#N/A,0,0,0,0,30,#N/A,#N/A,3.401197433,#N/A,1.098612309,#N/A,#N/A,0,#N/A,0,#N/A,#N/A,10.16585159,#N/A,#N/A,#N/A,#N/A
1988,410679,30,#N/A,26000,#N/A,3,#N/A,0,0,0,1,30,#N/A,#N/A,3.401197433,#N/A,1.098612309,#N/A,#N/A,0,#N/A,0,0,#N/A,10.16585159,0,0,#N/A,#N/A
1989,410679,28,#N/A,27000,#N/A,3,#N/A,0,0,1,0,28,#N/A,#N/A,3.33220458,#N/A,1.098612309,#N/A,#N/A,0,#N/A,0,-0.068992853,#N/A,10.2035923,0.037740707,0,#N/A,#N/A
1987,410680,27,2873000,19762,#N/A,#N/A,100,0,0,0,0,14,51.85185242,#N/A,3.295836926,14.87086773,#N/A,3.967492819,#N/A,0,#N/A,0,#N/A,#N/A,9.891515732,#N/A,#N/A,#N/A,#N/A
1988,410680,61,6097000,21120,#N/A,#N/A,50,0,0,0,1,5,4.098360538,#N/A,4.110873699,15.62330723,#N/A,1.628919005,#N/A,0,#N/A,0,0.815036774,0.752439499,9.957975388,0.066459656,0,-47.75349045,-2.338573933
1989,410680,52,5670000,22360,#N/A,#N/A,70,0,0,1,0,9,12.11538506,#N/A,3.951243639,15.55069923,#N/A,2.57378602,#N/A,0,#N/A,0,-0.15963006,-0.072607994,10.01502895,0.057053566,0,8.017024994,0.944867015
1987,410685,24,2213235,20004,0.140000001,#N/A,#N/A,0,0,0,0,24,#N/A,-1.966112852,3.178053856,14.60996628,#N/A,#N/A,#N/A,0,#N/A,0,#N/A,#N/A,9.903687477,#N/A,#N/A,#N/A,#N/A
1988,410685,20,2100943,19078,0.159999996,#N/A,#N/A,0,0,0,1,20,#N/A,-1.83258152,2.995732307,14.55789661,#N/A,#N/A,-1.966112852,0,0.133531332,0,-0.182321548,-0.052069664,9.856290817,-0.04739666,0,#N/A,#N/A
1989,410685,20,2174049,21099,0.230000004,#N/A,#N/A,0,0,1,0,20,#N/A,-1.469675899,2.995732307,14.59210205,#N/A,#N/A,-1.83258152,0,0.362905622,0,0,0.034205437,9.956980705,0.100689888,0,#N/A,#N/A
1987,410686,6,2100000,16640,#N/A,#N/A,0,0,0,0,0,0,0,#N/A,1.791759491,14.55744743,#N/A,0,#N/A,0,#N/A,0,#N/A,#N/A,9.719564438,#N/A,#N/A,#N/A,#N/A
1988,410686,7,1800000,18720,#N/A,#N/A,10,0,0,0,1,2,2.857142925,#N/A,1.945910096,14.40329742,#N/A,1.34992671,#N/A,0,#N/A,0,0.154150605,-0.154150009,9.837347984,0.117783546,0,2.857142925,1.34992671
1989,410686,6,1600000,20800,#N/A,#N/A,0,0,0,1,0,0,0,#N/A,1.791759491,14.28551388,#N/A,0,#N/A,0,#N/A,0,-0.154150605,-0.117783546,9.942708015,0.105360031,0,-2.857142925,-1.34992671
1987,418006,63,#N/A,25900,#N/A,#N/A,0,0,0,0,0,0,0,#N/A,4.143134594,#N/A,#N/A,0,#N/A,0,#N/A,0,#N/A,#N/A,10.1619978,#N/A,#N/A,#N/A,#N/A
1988,418006,57,#N/A,25300,#N/A,#N/A,45,0,1,0,1,24,18.94736862,#N/A,4.043051243,#N/A,#N/A,2.993097305,#N/A,0,#N/A,1,-0.100083351,#N/A,10.13855934,-0.023438454,0,18.94736862,2.993097305
1989,418006,59,#N/A,26800,#N/A,#N/A,40,0,0,1,0,35,23.72881317,#N/A,4.077537537,#N/A,#N/A,3.207969189,#N/A,1,#N/A,-1,0.034486294,#N/A,10.19615746,0.057598114,1,4.78144455,0.214871883
1987,418007,26,2200000,10712,#N/A,1.899999976,#N/A,1,0,0,0,26,#N/A,#N/A,3.258096457,14.60396767,0.641853869,#N/A,#N/A,0,#N/A,0,#N/A,#N/A,9.279119492,#N/A,#N/A,#N/A,#N/A
1988,418007,24,1800000,10940,#N/A,2.599999905,#N/A,1,0,0,1,24,#N/A,#N/A,3.178053856,14.40329742,0.955511391,#N/A,#N/A,0,#N/A,0,-0.080042601,-0.200670242,9.300181389,0.021061897,0,#N/A,#N/A
1989,418007,21,1700000,11148,#N/A,1.200000048,#N/A,1,0,1,0,21,#N/A,#N/A,3.044522524,14.34613895,0.182321593,#N/A,#N/A,0,#N/A,0,-0.133531332,-0.05715847,9.319015503,0.018834114,0,#N/A,#N/A
1987,418008,10,900000,#N/A,#N/A,#N/A,0,0,0,0,0,3,0,#N/A,2.302585125,13.71014977,#N/A,0,#N/A,0,#N/A,0,#N/A,#N/A,#N/A,#N/A,#N/A,#N/A,#N/A
1988,418008,10,1200000,#N/A,#N/A,#N/A,16,0,1,0,1,10,16,#N/A,2.302585125,13.9978323,#N/A,2.833213329,#N/A,0,#N/A,1,0,0.287682533,#N/A,#N/A,0,16,2.833213329
1989,418008,12,1100000,20000,#N/A,#N/A,0,0,0,1,0,1,0,#N/A,2.484906673,13.91082096,#N/A,0,#N/A,1,#N/A,-1,0.182321548,-0.087011337,9.903487206,#N/A,1,-16,-2.833213329
1987,418011,70,4200000,12400,10,9,0,1,0,0,0,0,0,2.302585125,4.248495102,15.25059509,2.197224617,0,#N/A,0,#N/A,0,#N/A,#N/A,9.425451279,#N/A,#N/A,#N/A,#N/A
1988,418011,50,3740000,13400,3,3,43,1,1,0,1,10,8.600000381,1.098612309,3.912023067,15.13459587,1.098612309,2.261763096,2.302585125,0,-1.203972816,1,-0.336472034,-0.115999222,9.503009796,0.077558517,0,8.600000381,2.261763096
1989,418011,30,2040000,14000,2,1,40,1,0,1,0,5,6.666666508,0.693147182,3.401197433,14.5284605,0,2.036881924,1.098612309,1,-0.405465126,-1,-0.510825634,-0.606135368,9.546813011,0.043803215,1,-1.933333874,-0.224881172
1987,418013,20,750000,14560,#N/A,0.270000011,40,0,0,0,0,2,4,#N/A,2.995732307,13.52782822,-1.309333324,1.609437943,#N/A,0,#N/A,0,#N/A,#N/A,9.586032867,#N/A,#N/A,#N/A,#N/A
1988,418013,18,800000,16640,#N/A,0.25,60,0,1,0,1,3,10,#N/A,2.890371799,13.59236717,-1.386294365,2.397895336,#N/A,0,#N/A,1,-0.105360508,0.064538956,9.719564438,0.13353157,0,6,0.788457394
1989,418013,20,950000,17680,#N/A,0.209999993,40,0,0,1,0,3,6,#N/A,2.995732307,13.76421738,-1.560647726,1.945910096,#N/A,1,#N/A,-1,0.105360508,0.171850204,9.780189514,0.060625076,1,-4,-0.45198524
1987,418014,9,6802180,13478,#N/A,#N/A,256,0,0,0,0,2,56.88888931,#N/A,2.197224617,15.73275375,#N/A,4.058525562,#N/A,0,#N/A,0,#N/A,#N/A,9.508813858,#N/A,#N/A,#N/A,#N/A
1988,418014,12,936477,14269,#N/A,#N/A,281,0,1,0,1,7,163.9166718,#N/A,2.484906673,13.74987984,#N/A,5.10544014,#N/A,0,#N/A,1,0.287682056,-1.982873917,9.565844536,0.057030678,0,107.0277863,1.046914577
1989,418014,17,1437883,15558,#N/A,#N/A,256,0,0,1,0,5,75.29412079,#N/A,2.833213329,14.17868233,#N/A,4.33459568,#N/A,1,#N/A,-1,0.348306656,0.42880249,9.652330399,0.086485863,1,-88.62255096,-0.77084446
1987,418021,11,1850000,12500,1,1,0,0,0,0,0,0,0,0,2.397895336,14.43069649,0,0,#N/A,0,#N/A,0,#N/A,#N/A,9.433484077,#N/A,#N/A,#N/A,#N/A
1988,418021,13,2078000,13100,1,1,40,0,1,0,1,2,6.153846264,0,2.564949274,14.54691601,0,1.967650175,0,0,0,1,0.167053938,0.116219521,9.480367661,0.046883583,0,6.153846264,1.967650175
1989,418021,13,2040000,13800,1,1,10,0,0,1,0,2,1.538461566,0,2.564949274,14.5284605,0,0.931558192,0,1,0,-1,0,-0.018455505,9.532423973,0.052056313,1,-4.615384579,-1.036092043
1987,418024,40,5500000,10400,#N/A,#N/A,0,0,0,0,0,0,0,#N/A,3.68887949,15.5202589,#N/A,0,#N/A,0,#N/A,0,#N/A,#N/A,9.24956131,#N/A,#N/A,#N/A,#N/A
1988,418024,60,6000000,10400,#N/A,#N/A,40,0,1,0,1,57,38,#N/A,4.094344616,15.60727024,#N/A,3.663561583,#N/A,0,#N/A,1,0.405465126,0.087011337,9.24956131,0,0,38,3.663561583
1989,418024,100,7000000,11020,#N/A,#N/A,20,0,0,1,0,10,2,#N/A,4.60517025,15.76142025,#N/A,1.098612309,#N/A,1,#N/A,-1,0.510825634,0.154150009,9.307467461,0.057906151,1,-36,-2.564949274
1987,418035,30,1269000,14000,6,12,0,0,0,0,0,0,0,1.791759491,3.401197433,14.05373955,2.484906673,0,#N/A,0,#N/A,0,#N/A,#N/A,9.546813011,#N/A,#N/A,#N/A,#N/A
1988,418035,30,1681000,14500,5,11,23,0,1,0,1,24,18.39999962,1.609437943,3.401197433,14.33489895,2.397895336,2.965273142,1.791759491,0,-0.182321548,1,0,0.281159401,9.581903458,0.035090446,0,18.39999962,2.965273142
1989,418035,31,1814000,15000,3,9,0,0,0,1,0,0,0,1.098612309,3.433987141,14.41104507,2.197224617,0,1.609437943,1,-0.510825634,-1,0.032789707,0.076146126,9.615805626,0.033902168,1,-18.39999962,-2.965273142
1987,418036,485,#N/A,17888,#N/A,#N/A,10,0,0,0,0,15,0.309278339,#N/A,6.184148788,#N/A,#N/A,0.269476086,#N/A,0,#N/A,0,#N/A,#N/A,9.791885376,#N/A,#N/A,#N/A,#N/A
1988,418036,500,#N/A,18637,#N/A,#N/A,46,0,1,0,1,24,2.207999945,#N/A,6.214608192,#N/A,#N/A,1.165647626,#N/A,0,#N/A,1,0.030459404,#N/A,9.832903862,0.041018486,0,1.898721576,0.89617157
1989,418036,525,#N/A,19386,#N/A,#N/A,10,0,0,1,0,15,0.285714298,#N/A,6.26339817,#N/A,#N/A,0.251314431,#N/A,1,#N/A,-1,0.048789978,#N/A,9.872306824,0.039402962,1,-1.922285676,-0.914333224
1987,418045,15,2000000,18000,2,1,30,0,0,0,0,2,4,0.693147182,2.708050251,14.50865746,0,1.609437943,#N/A,0,#N/A,0,#N/A,#N/A,9.798127174,#N/A,#N/A,#N/A,#N/A
1988,418045,15,2500000,20000,2,1,40,0,0,0,1,3,8,0.693147182,2.708050251,14.73180103,0,2.197224617,0.693147182,0,0,0,0,0.223143578,9.903487206,0.105360031,0,4,0.587786674
1989,418045,15,3500000,22000,2,1,150,0,0,1,0,15,150,0.693147182,2.708050251,15.06827354,0,5.017279625,0.693147182,0,0,0,0,0.336472511,9.998797417,0.095310211,0,142,2.820055008
1987,418046,15,#N/A,13000,#N/A,#N/A,0,0,0,0,0,0,0,#N/A,2.708050251,#N/A,#N/A,0,#N/A,0,#N/A,0,#N/A,#N/A,9.472704887,#N/A,#N/A,#N/A,#N/A
1988,418046,20,#N/A,12000,#N/A,#N/A,24,0,1,0,1,20,24,#N/A,2.995732307,#N/A,#N/A,3.218875885,#N/A,0,#N/A,1,0.287682056,#N/A,9.392662048,-0.080042839,0,24,3.218875885
1989,418046,25,#N/A,12000,#N/A,#N/A,4,0,0,1,0,25,4,#N/A,3.218875885,#N/A,#N/A,1.609437943,#N/A,1,#N/A,-1,0.223143578,#N/A,9.392662048,0,1,-20,-1.609437943
1987,418051,#N/A,#N/A,#N/A,0.449999988,0.140000001,25,1,0,0,0,30,#N/A,-0.79850775,#N/A,#N/A,-1.966112852,#N/A,#N/A,0,#N/A,0,#N/A,#N/A,#N/A,#N/A,#N/A,#N/A,#N/A
1988,418051,#N/A,#N/A,#N/A,0.5,0.170000002,13,1,1,0,1,199,#N/A,-0.693147182,#N/A,#N/A,-1.771956801,#N/A,-0.79850775,0,0.105360568,1,#N/A,#N/A,#N/A,#N/A,0,#N/A,#N/A
1989,418051,#N/A,#N/A,#N/A,0.5,0.170000002,20,1,0,1,0,15,#N/A,-0.693147182,#N/A,#N/A,-1.771956801,#N/A,-0.693147182,1,0,-1,#N/A,#N/A,#N/A,#N/A,1,#N/A,#N/A
1987,418052,6,400000,25861,#N/A,#N/A,0,0,0,0,0,0,0,#N/A,1.791759491,12.89921951,#N/A,0,#N/A,0,#N/A,0,#N/A,#N/A,10.16049099,#N/A,#N/A,#N/A,#N/A
1988,418052,5,500000,25168,#N/A,#N/A,55,0,1,0,1,5,55,#N/A,1.609437943,13.12236309,#N/A,4.025351524,#N/A,0,#N/A,1,-0.182321548,0.223143578,10.13332844,-0.027162552,0,55,4.025351524
1989,418052,7,600000,23625,#N/A,#N/A,0,0,0,1,0,0,0,#N/A,1.945910096,13.30468464,#N/A,0,#N/A,1,#N/A,-1,0.336472154,0.182321548,10.07006073,-0.063267708,1,-55,-4.025351524
1987,418054,60,3330457,11500,1.25,#N/A,0,0,0,0,0,3,0,0.223143548,4.094344616,15.01862049,#N/A,0,#N/A,0,#N/A,0,#N/A,#N/A,9.350102425,#N/A,#N/A,#N/A,#N/A
1988,418054,65,3765312,12500,1.539999962,#N/A,40,0,1,0,1,3,1.846153855,0.431782395,4.174387455,15.14134121,#N/A,1.045968533,0.223143548,0,0.208638847,1,0.080042839,0.122720718,9.433484077,0.083381653,0,1.846153855,1.045968533
1989,418054,56,3533090,13200,0.959999979,#N/A,10,0,0,1,0,0,0,-0.040822018,4.025351524,15.07768345,#N/A,0,0.431782395,1,-0.472604424,-1,-0.149035931,-0.063657761,9.48797226,0.054488182,1,-1.846153855,-1.045968533
1987,418065,259,26942000,15038,1.299999952,0.5,6,1,0,0,0,150,3.474903584,0.262364239,5.556828022,17.10919762,-0.693147182,1.49848485,#N/A,0,#N/A,0,#N/A,#N/A,9.618335724,#N/A,#N/A,#N/A,#N/A
1988,418065,331,32161000,15434,1.5,0.699999988,21,1,1,0,1,244,15.48036289,0.405465096,5.802118301,17.28626442,-0.356674969,2.802169561,0.262364239,0,0.143100858,1,0.245290279,0.177066803,9.644328117,0.025992393,0,12.00545883,1.303684711
1989,418065,321,31046000,16307,1,0.699999988,6,1,0,1,0,180,3.364485979,0,5.771440983,17.25098038,-0.356674969,1.473500371,0.405465096,1,-0.405465096,-1,-0.030677319,-0.035284042,9.699349403,0.055021286,1,-12.11587715,-1.32866919
1987,418066,35,#N/A,#N/A,#N/A,#N/A,2,0,0,0,0,35,2,#N/A,3.555348158,#N/A,#N/A,1.098612309,#N/A,0,#N/A,0,#N/A,#N/A,#N/A,#N/A,#N/A,#N/A,#N/A
1988,418066,34,#N/A,#N/A,#N/A,#N/A,#N/A,0,1,0,1,34,#N/A,#N/A,3.526360512,#N/A,#N/A,#N/A,#N/A,0,#N/A,1,-0.028987646,#N/A,#N/A,#N/A,0,#N/A,#N/A
1989,418066,36,#N/A,#N/A,#N/A,#N/A,3,0,0,1,0,36,3,#N/A,3.583518982,#N/A,#N/A,1.386294365,#N/A,1,#N/A,-1,0.05715847,#N/A,#N/A,#N/A,1,#N/A,#N/A
1987,418076,60,3870000,19968,1.059999943,2,50,0,0,0,0,20,16.66666603,0.058268853,4.094344616,15.16876507,0.693147182,2.871679544,#N/A,0,#N/A,0,#N/A,#N/A,9.901885986,#N/A,#N/A,#N/A,#N/A
1988,418076,70,3882000,20800,0.800000012,1.5,52,0,1,0,1,41,30.45714378,-0.223143533,4.248495102,15.17186069,0.405465096,3.448626041,0.058268853,0,-0.281412393,1,0.154150486,0.003095627,9.942708015,0.040822029,0,13.79047775,0.576946497
1989,418076,70,5330000,21840,0.219999999,0.5,50,0,0,1,0,20,14.28571415,-1.514127731,4.248495102,15.48886204,-0.693147182,2.726918697,-0.223143533,1,-1.290984154,-1,0,0.317001343,9.991497993,0.048789978,1,-16.17142868,-0.721707344
1987,418083,125,26000000,20000,3,0.050000001,0,1,0,0,0,0,0,1.098612309,4.828313828,17.07360649,-2.995732307,0,#N/A,0,#N/A,0,#N/A,#N/A,9.903487206,#N/A,#N/A,#N/A,#N/A
1988,418083,120,36000000,20000,2,0,#N/A,1,1,0,1,120,#N/A,0.693147182,4.787491798,17.39902878,#N/A,#N/A,1.098612309,0,-0.405465126,1,-0.040822029,0.325422287,9.903487206,0,0,#N/A,#N/A
1989,418083,60,22000000,20000,1,0.029999999,32,1,0,1,0,20,10.66666698,0,4.094344616,16.90655327,-3.506557941,2.456735849,0.693147182,1,-0.693147182,-1,-0.693147182,-0.49247551,9.903487206,0,1,#N/A,#N/A
1987,418084,40,1200000,10000,#N/A,#N/A,200,1,0,0,0,6,30,#N/A,3.68887949,13.9978323,#N/A,3.433987141,#N/A,0,#N/A,0,#N/A,#N/A,9.2103405,#N/A,#N/A,#N/A,#N/A
1988,418084,35,1100000,10300,#N/A,#N/A,#N/A,1,1,0,1,35,#N/A,#N/A,3.555348158,13.91082096,#N/A,#N/A,#N/A,0,#N/A,1,-0.133531332,-0.087011337,9.239899635,0.029559135,0,#N/A,#N/A
1989,418084,50,1300000,10700,#N/A,#N/A,200,1,0,1,0,6,24,#N/A,3.912023067,14.07787514,#N/A,3.218875885,#N/A,1,#N/A,-1,0.35667491,0.167054176,9.277998924,0.038099289,1,#N/A,#N/A
1987,418091,150,11000000,12000,8.180000305,#N/A,10,0,0,0,0,20,1.333333373,2.1016922,5.010635376,16.21340561,#N/A,0.847297907,#N/A,0,#N/A,0,#N/A,#N/A,9.392662048,#N/A,#N/A,#N/A,#N/A
1988,418091,175,15000000,14000,0.670000017,#N/A,30,0,1,0,1,74,12.68571472,-0.400477529,5.164785862,16.52356148,#N/A,2.616352558,2.1016922,0,-2.502169609,1,0.154150486,0.310155869,9.546813011,0.154150963,0,11.35238171,1.769054651
1989,418091,200,18000000,16000,0.560000002,#N/A,20,0,0,1,0,50,5,-0.579818487,5.298317432,16.70588303,#N/A,1.791759491,-0.400477529,1,-0.179340959,-1,0.13353157,0.182321548,9.680343628,0.133530617,1,-7.685714722,-0.824593067
1987,418097,80,6000000,12480,1.669999957,15,5,0,0,0,0,5,0.3125,0.512823582,4.382026672,15.60727024,2.708050251,0.271933705,#N/A,0,#N/A,0,#N/A,#N/A,9.431882858,#N/A,#N/A,#N/A,#N/A
1988,418097,150,7700000,14560,1.169999957,12,30,0,1,0,1,14,2.799999952,0.157003716,5.010635376,15.85673046,2.484906673,1.335001111,0.512823582,0,-0.355819881,1,0.628608704,0.24946022,9.586032867,0.154150009,0,2.487499952,1.063067436
1989,418097,120,5643000,16640,1.419999957,10,0,0,0,1,0,0,0,0.350656837,4.787491798,15.54592609,2.302585125,0,0.157003716,1,0.193653122,-1,-0.223143578,-0.310804367,9.719564438,0.13353157,1,-2.799999952,-1.335001111
1987,418098,15,#N/A,9360,#N/A,#N/A,0,0,0,0,0,0,0,#N/A,2.708050251,#N/A,#N/A,0,#N/A,0,#N/A,0,#N/A,#N/A,9.144200325,#N/A,#N/A,#N/A,#N/A
1988,418098,18,#N/A,10400,#N/A,#N/A,40,0,1,0,1,18,40,#N/A,2.890371799,#N/A,#N/A,3.713572025,#N/A,0,#N/A,1,0.182321548,#N/A,9.24956131,0.105360985,0,40,3.713572025
1989,418098,22,#N/A,13520,#N/A,#N/A,80,0,0,1,0,3,10.909091,#N/A,3.091042519,#N/A,#N/A,2.477302074,#N/A,1,#N/A,-1,0.200670719,#N/A,9.511925697,0.262364388,1,-29.09090805,-1.236269951
1987,418107,10,307501,8500,0.980000019,#N/A,10,0,0,0,0,10,10,-0.020202687,2.302585125,12.63623333,#N/A,2.397895336,#N/A,0,#N/A,0,#N/A,#N/A,9.047821045,#N/A,#N/A,#N/A,#N/A
1988,418107,25,1961818,9000,0.50999999,#N/A,83,0,1,0,1,25,83,-0.673344553,3.218875885,14.48938179,#N/A,4.43081665,-0.020202687,0,-0.653141856,1,0.91629076,1.85314846,9.104979515,0.05715847,0,73,2.032921314
1989,418107,34,2650786,9400,0.449999988,#N/A,15,0,0,1,0,30,13.23529434,-0.79850775,3.526360512,14.79036713,#N/A,2.655724287,-0.673344553,1,-0.125163198,-1,0.307484627,0.300985336,9.148465157,0.043485641,1,-69.76470947,-1.775092363
1987,418109,6,600000,16640,#N/A,#N/A,200,0,0,0,0,3,100,#N/A,1.791759491,13.30468464,#N/A,4.615120411,#N/A,0,#N/A,0,#N/A,#N/A,9.719564438,#N/A,#N/A,#N/A,#N/A
1988,418109,12,820000,18304,#N/A,#N/A,290,0,1,0,1,5,120.8333359,#N/A,2.484906673,13.61705971,#N/A,4.80265379,#N/A,0,#N/A,1,0.693147182,0.312375069,9.814874649,0.095310211,0,20.83333588,0.187533379
1989,418109,14,1200000,19552,#N/A,#N/A,320,0,0,1,0,4,91.42857361,#N/A,2.639057398,13.9978323,#N/A,4.526436329,#N/A,1,#N/A,-1,0.154150724,0.380772591,9.880832672,0.065958023,1,-29.40476227,-0.276217461
1987,418118,16,1608573,35000,1,10,5,0,0,0,0,10,3.125,0,2.77258873,14.29085827,2.302585125,1.417065978,#N/A,0,#N/A,0,#N/A,#N/A,10.46310329,#N/A,#N/A,#N/A,#N/A
1988,418118,16,1342236,38000,0.5,5,25,0,1,0,1,16,25,-0.693147182,2.77258873,14.10984707,1.609437943,3.258096457,0,0,-0.693147182,1,0,-0.1810112,10.54534149,0.082238197,0,21.875,1.841030478
1989,418118,16,1504283,41000,0.100000001,1,5,0,0,1,0,10,3.125,-2.302585125,2.77258873,14.22382736,0,1.417065978,-0.693147182,1,-1.609437943,-1,0,0.113980293,10.6213274,0.075985909,1,-21.875,-1.841030478
1987,418124,15,1600000,12000,#N/A,#N/A,0,0,0,0,0,0,0,#N/A,2.708050251,14.28551388,#N/A,0,#N/A,0,#N/A,0,#N/A,#N/A,9.392662048,#N/A,#N/A,#N/A,#N/A
1988,418124,20,1800000,13000,#N/A,#N/A,40,0,1,0,1,9,18,#N/A,2.995732307,14.40329742,#N/A,2.944438934,#N/A,0,#N/A,1,0.287682056,0.117783546,9.472704887,0.080042839,0,18,2.944438934
1989,418124,26,2000000,16000,#N/A,#N/A,8,0,0,1,0,6,1.846153855,#N/A,3.258096457,14.50865746,#N/A,1.045968533,#N/A,1,#N/A,-1,0.262364149,0.105360031,9.680343628,0.207638741,1,-16.15384674,-1.898470402
1987,418125,72,10467040,17700,0.449999988,#N/A,10,0,0,0,0,67,9.305555344,-0.79850775,4.276666164,16.16374207,#N/A,2.332683086,#N/A,0,#N/A,0,#N/A,#N/A,9.781319618,#N/A,#N/A,#N/A,#N/A
1988,418125,128,15440030,19350,0.610000014,#N/A,31,0,1,0,1,128,31,-0.494296312,4.852030277,16.55247498,#N/A,3.465735912,-0.79850775,0,0.304211438,1,0.575364113,0.38873291,9.870448112,0.089128494,0,21.69444466,1.133052826
1989,418125,168,22979550,23250,0.600000024,#N/A,14,0,0,1,0,108,9,-0.510825574,5.123963833,16.9501152,#N/A,2.302585125,-0.494296312,1,-0.016529262,-1,0.271933556,0.397640228,10.05405998,0.18361187,1,-22,-1.163150787
1987,418126,60,5600000,23000,#N/A,#N/A,30,0,0,0,0,10,5,#N/A,4.094344616,15.53827763,#N/A,1.791759491,#N/A,0,#N/A,0,#N/A,#N/A,10.04324913,#N/A,#N/A,#N/A,#N/A
1988,418126,50,6200000,25000,#N/A,#N/A,48,0,1,0,1,50,48,#N/A,3.912023067,15.64005947,#N/A,3.891820192,#N/A,0,#N/A,1,-0.182321548,0.101781845,10.12663078,0.083381653,0,43,2.100060701
1989,418126,48,6300000,27000,#N/A,#N/A,30,0,0,1,0,6,3.75,#N/A,3.871201038,15.65606022,#N/A,1.558144569,#N/A,1,#N/A,-1,-0.040822029,0.016000748,10.2035923,0.076961517,1,-44.25,-2.333675623
1987,418140,17,#N/A,#N/A,8,#N/A,0,0,0,0,0,0,0,2.079441547,2.833213329,#N/A,#N/A,0,#N/A,0,#N/A,0,#N/A,#N/A,#N/A,#N/A,#N/A,#N/A,#N/A
1988,418140,23,#N/A,#N/A,4,#N/A,80,0,1,0,1,23,80,1.386294365,3.135494232,#N/A,#N/A,4.394449234,2.079441547,0,-0.693147182,1,0.302280903,#N/A,#N/A,#N/A,0,80,4.394449234
1989,418140,20,#N/A,#N/A,2.5,#N/A,40,0,0,1,0,6,12,0.91629076,2.995732307,#N/A,#N/A,2.564949274,1.386294365,1,-0.470003605,-1,-0.139761925,#N/A,#N/A,#N/A,1,-68,-1.82949996
1987,418147,15,726833,9048,#N/A,#N/A,0,0,0,0,0,0,0,#N/A,2.708050251,13.49645233,#N/A,0,#N/A,0,#N/A,0,#N/A,#N/A,9.11029911,#N/A,#N/A,#N/A,#N/A
1988,418147,80,4005963,10088,#N/A,#N/A,40,0,0,0,1,40,20,#N/A,4.382026672,15.20329475,#N/A,3.044522524,#N/A,0,#N/A,0,1.673976421,1.706842422,9.219101906,0.108802795,0,20,3.044522524
1989,418147,30,2089704,10504,#N/A,#N/A,0,0,0,1,0,0,0,#N/A,3.401197433,14.55253315,#N/A,0,#N/A,0,#N/A,0,-0.980829239,-0.650761604,9.259510994,0.040409088,0,-20,-3.044522524
1987,418163,72,7742994,18305,9,#N/A,0,1,0,0,0,0,0,2.197224617,4.276666164,15.86229897,#N/A,0,#N/A,0,#N/A,0,#N/A,#N/A,9.814929962,#N/A,#N/A,#N/A,#N/A
1988,418163,70,8273868,19828,7,#N/A,40,1,1,0,1,70,40,1.945910096,4.248495102,15.92861271,#N/A,3.713572025,2.197224617,0,-0.251314521,1,-0.028171062,0.066313744,9.894850731,0.079920769,0,40,3.713572025
1989,418163,68,8329656,17893,6.5,#N/A,0,1,0,1,0,0,0,1.871802211,4.219507694,15.9353323,#N/A,0,1.945910096,1,-0.074107885,-1,-0.028987408,0.006719589,9.792164803,-0.102685928,1,-40,-3.713572025
1987,418168,7,5449674,#N/A,0.01,#N/A,40,0,0,0,0,7,40,-4.60517025,1.945910096,15.51106644,#N/A,3.713572025,#N/A,0,#N/A,0,#N/A,#N/A,#N/A,#N/A,#N/A,#N/A,#N/A
1988,418168,7,6131102,#N/A,0.109999999,#N/A,40,0,0,0,1,7,40,-2.207274914,1.945910096,15.62888527,#N/A,3.713572025,-4.60517025,0,2.397895336,0,0,0.117818832,#N/A,#N/A,0,0,0
1989,418168,8,7332464,#N/A,0.200000003,#N/A,0,0,0,1,0,0,0,-1.609437943,2.079441547,15.80782223,#N/A,0,-2.207274914,0,0.597836971,0,0.133531451,0.178936958,#N/A,#N/A,0,-40,-3.713572025
1987,418177,120,10000000,28080,18,3,20,1,0,0,0,0,0,2.890371799,4.787491798,16.1180954,1.098612309,0,#N/A,0,#N/A,0,#N/A,#N/A,10.24281311,#N/A,#N/A,#N/A,#N/A
1988,418177,120,12000000,28080,19,3,26,1,1,0,1,120,26,2.944438934,4.787491798,16.30041695,1.098612309,3.295836926,2.890371799,0,0.054067135,1,0,0.182321548,10.24281311,0,0,26,3.295836926
1989,418177,120,11000000,28080,18,3,14,1,0,1,0,120,14,2.890371799,4.787491798,16.21340561,1.098612309,2.708050251,2.944438934,1,-0.054067135,-1,0,-0.087011337,10.24281311,0,1,-12,-0.587786674
1987,418183,21,#N/A,14800,#N/A,2.400000095,#N/A,0,0,0,0,21,#N/A,#N/A,3.044522524,#N/A,0.875468791,#N/A,#N/A,0,#N/A,0,#N/A,#N/A,9.60238266,#N/A,#N/A,#N/A,#N/A
1988,418183,25,1800000,15100,#N/A,2.789999962,#N/A,0,0,0,1,25,#N/A,#N/A,3.218875885,14.40329742,1.026041627,#N/A,#N/A,0,#N/A,0,0.174353361,#N/A,9.622449875,0.020067215,0,#N/A,#N/A
1989,418183,30,2100000,16500,#N/A,2,#N/A,0,0,1,0,30,#N/A,#N/A,3.401197433,14.55744743,0.693147182,#N/A,#N/A,0,#N/A,0,0.182321548,0.154150009,9.711115837,0.088665962,0,#N/A,#N/A
1987,418185,31,2000000,30000,#N/A,#N/A,#N/A,0,0,0,0,31,#N/A,#N/A,3.433987141,14.50865746,#N/A,#N/A,#N/A,0,#N/A,0,#N/A,#N/A,10.30895233,#N/A,#N/A,#N/A,#N/A
1988,418185,47,2200000,30000,#N/A,#N/A,#N/A,0,0,0,1,47,#N/A,#N/A,3.850147486,14.60396767,#N/A,#N/A,#N/A,0,#N/A,0,0.416160345,0.095310211,10.30895233,0,0,#N/A,#N/A
1989,418185,32,1800000,30000,#N/A,#N/A,#N/A,0,0,1,0,32,#N/A,#N/A,3.465735912,14.40329742,#N/A,#N/A,#N/A,0,#N/A,0,-0.384411573,-0.200670242,10.30895233,0,0,#N/A,#N/A
1987,418213,25,1400000,14000,#N/A,#N/A,10,0,0,0,0,3,1.200000048,#N/A,3.218875885,14.15198326,#N/A,0.788457394,#N/A,0,#N/A,0,#N/A,#N/A,9.546813011,#N/A,#N/A,#N/A,#N/A
1988,418213,30,1680000,16000,#N/A,#N/A,#N/A,0,1,0,1,17,#N/A,#N/A,3.401197433,14.33430481,#N/A,#N/A,#N/A,0,#N/A,1,0.182321548,0.182321548,9.680343628,0.133530617,0,#N/A,#N/A
1989,418213,39,2806000,17000,#N/A,#N/A,12,0,0,1,0,4,1.230769277,#N/A,3.663561583,14.84727097,#N/A,0.802346468,#N/A,1,#N/A,-1,0.262364149,0.512966156,9.740968704,0.060625076,1,#N/A,#N/A
1987,418220,19,580000,8840,#N/A,#N/A,0,0,0,0,0,0,0,#N/A,2.944438934,13.27078342,#N/A,0,#N/A,0,#N/A,0,#N/A,#N/A,9.087041855,#N/A,#N/A,#N/A,#N/A
1988,418220,21,660000,9360,#N/A,#N/A,39,0,1,0,1,21,39,#N/A,3.044522524,13.39999485,#N/A,3.68887949,#N/A,0,#N/A,1,0.10008359,0.129211426,9.144200325,0.05715847,0,39,3.68887949
1989,418220,30,984000,10720,#N/A,#N/A,0,0,0,1,0,0,0,#N/A,3.401197433,13.79938126,#N/A,0,#N/A,1,#N/A,-1,0.35667491,0.399386406,9.279866219,0.135665894,1,-39,-3.68887949
1987,418225,15,1300000,13000,#N/A,#N/A,0,1,0,0,0,0,0,#N/A,2.708050251,14.07787514,#N/A,0,#N/A,0,#N/A,0,#N/A,#N/A,9.472704887,#N/A,#N/A,#N/A,#N/A
1988,418225,18,1600000,14040,#N/A,#N/A,10,1,1,0,1,18,10,#N/A,2.890371799,14.28551388,#N/A,2.397895336,#N/A,0,#N/A,1,0.182321548,0.207638741,9.549665451,0.076960564,0,10,2.397895336
1989,418225,28,2300000,15080,#N/A,#N/A,0,1,0,1,0,0,0,#N/A,3.33220458,14.64841938,#N/A,0,#N/A,1,#N/A,-1,0.441832781,0.362905502,9.621124268,0.071458817,1,-10,-2.397895336
1987,418229,6,490000,14560,#N/A,#N/A,0,0,0,0,0,4,0,#N/A,1.791759491,13.10216045,#N/A,0,#N/A,0,#N/A,0,#N/A,#N/A,9.586032867,#N/A,#N/A,#N/A,#N/A
1988,418229,7,580000,15600,#N/A,#N/A,0,0,0,0,1,6,0,#N/A,1.945910096,13.27078342,#N/A,0,#N/A,0,#N/A,0,0.154150605,0.168622971,9.655026436,0.068993568,0,0,0
1989,418229,8,660000,16640,#N/A,#N/A,0,0,0,1,0,4,0,#N/A,2.079441547,13.39999485,#N/A,0,#N/A,0,#N/A,0,0.133531451,0.129211426,9.719564438,0.064538002,0,0,0
1987,418237,28,4568907,19042,0.280000001,#N/A,0,1,0,0,0,0,0,-1.27296567,3.33220458,15.33478451,#N/A,0,#N/A,0,#N/A,0,#N/A,#N/A,9.854402542,#N/A,#N/A,#N/A,#N/A
1988,418237,28,4904008,19845,0.200000003,#N/A,12,1,1,0,1,14,6,-1.609437943,3.33220458,15.40556335,#N/A,1.945910096,-1.27296567,0,-0.336472273,1,0,0.070778847,9.89570713,0.041304588,0,6,1.945910096
1989,418237,29,5884603,20426,0.189999998,#N/A,10,1,0,1,0,4,1.379310369,-1.660731196,3.367295742,15.58784962,#N/A,0.866810679,-1.609437943,1,-0.051293254,-1,0.035091162,0.182286263,9.924563408,0.028856277,1,-4.620689392,-1.079099417
1987,418239,80,6900000,13728,#N/A,0.219999999,20,0,0,0,0,20,5,#N/A,4.382026672,15.74703217,-1.514127731,1.791759491,#N/A,0,#N/A,0,#N/A,#N/A,9.527193069,#N/A,#N/A,#N/A,#N/A
1988,418239,65,8400000,14664,#N/A,0.239999995,20,0,0,0,1,25,7.692307472,#N/A,4.174387455,15.9437418,-1.427116394,2.162438393,#N/A,0,#N/A,0,-0.207639217,0.196709633,9.593151093,0.065958023,0,2.692307472,0.370678902
1989,418239,75,7100000,15600,#N/A,0.419999987,20,0,0,1,0,30,8,#N/A,4.317488194,15.7756052,-0.867500603,2.197224617,#N/A,0,#N/A,0,0.143100739,-0.168136597,9.655026436,0.061875343,0,0.307692528,0.034786224
1987,418243,12,#N/A,15000,#N/A,#N/A,0,0,0,0,0,0,0,#N/A,2.484906673,#N/A,#N/A,0,#N/A,0,#N/A,0,#N/A,#N/A,9.615805626,#N/A,#N/A,#N/A,#N/A
1988,418243,14,#N/A,15000,#N/A,#N/A,0,0,0,0,1,0,0,#N/A,2.639057398,#N/A,#N/A,0,#N/A,0,#N/A,0,0.154150724,#N/A,9.615805626,0,0,0,0
1989,418243,15,#N/A,16000,#N/A,#N/A,0,0,0,1,0,0,0,#N/A,2.708050251,#N/A,#N/A,0,#N/A,0,#N/A,0,0.068992853,#N/A,9.680343628,0.064538002,0,0,0
1987,418245,25,3000000,20000,#N/A,#N/A,0,0,0,0,0,0,0,#N/A,3.218875885,14.91412258,#N/A,0,#N/A,0,#N/A,0,#N/A,#N/A,9.903487206,#N/A,#N/A,#N/A,#N/A
1988,418245,30,4000000,25000,#N/A,#N/A,0,0,0,0,1,0,0,#N/A,3.401197433,15.20180511,#N/A,0,#N/A,0,#N/A,0,0.182321548,0.287682533,10.12663078,0.223143578,0,0,0
1989,418245,40,6000000,30000,#N/A,#N/A,0,0,0,1,0,0,0,#N/A,3.68887949,15.60727024,#N/A,0,#N/A,0,#N/A,0,0.287682056,0.405465126,10.30895233,0.182321548,0,0,0
1987,419198,17,1083644,24000,7,10,56,0,0,0,0,6,19.76470566,1.945910096,2.833213329,13.89583969,2.302585125,3.033254623,#N/A,0,#N/A,0,#N/A,#N/A,10.08580875,#N/A,#N/A,#N/A,#N/A
1988,419198,13,851605,24000,5,8,88,0,1,0,1,13,88,1.609437943,2.564949274,13.65487766,2.079441547,4.488636494,1.945910096,0,-0.336472154,1,-0.268264055,-0.240962029,10.08580875,0,0,68.23529053,1.45538187
1989,419198,9,885852,16000,4,7.5,56,0,0,1,0,1,6.222222328,1.386294365,2.197224617,13.69430542,2.014903069,1.977162719,1.609437943,1,-0.223143578,-1,-0.367724657,0.039427757,9.680343628,-0.405465126,1,-81.77777863,-2.511473656
1987,419201,20,3499895,14560,2,#N/A,0,0,0,0,0,0,0,0.693147182,2.995732307,15.06824398,#N/A,0,#N/A,0,#N/A,0,#N/A,#N/A,9.586032867,#N/A,#N/A,#N/A,#N/A
1988,419201,17,4008997,16848,2,#N/A,24,0,0,0,1,6,8.470588684,0.693147182,2.833213329,15.20405197,#N/A,2.248191118,0.693147182,0,0,0,-0.162518978,0.135807991,9.731987,0.145954132,0,8.470588684,2.248191118
1989,419201,13,3379103,18720,2,#N/A,0,0,0,1,0,0,0,0.693147182,2.564949274,15.03312111,#N/A,0,0.693147182,0,0,0,-0.268264055,-0.170930862,9.837347984,0.105360985,0,-8.470588684,-2.248191118
1987,419242,70,6400000,16141,3.970000029,#N/A,6,1,0,0,0,60,5.142857075,1.37876606,4.248495102,15.67180824,#N/A,1.815289974,#N/A,0,#N/A,0,#N/A,#N/A,9.689117432,#N/A,#N/A,#N/A,#N/A
1988,419242,65,6800000,16578,3.829999924,#N/A,36,1,1,0,1,65,36,1.342864752,4.174387455,15.73243332,#N/A,3.610917807,1.37876606,0,-0.035901308,1,-0.074107647,0.060625076,9.715831757,0.026714325,0,30.8571434,1.795627832
1989,419242,30,2100000,16952,5.699999809,#N/A,4,1,0,1,0,30,4,1.740466118,3.401197433,14.55744743,#N/A,1.609437943,1.342864752,1,0.397601366,-1,-0.773190022,-1.174985886,9.73814106,0.022309303,1,-32,-2.001479864
1987,419268,6,564694,22866,1.389999986,1.389999986,0,0,0,0,0,0,0,0.329303741,1.791759491,13.24403954,0.329303741,0,#N/A,0,#N/A,0,#N/A,#N/A,10.03740597,#N/A,#N/A,#N/A,#N/A
1988,419268,6,620439,22995,1.159999967,1.159999967,0,0,0,0,1,0,0,0.148419976,1.791759491,13.33818245,0.148419976,0,0.329303741,0,-0.180883765,0,0,0.094142914,10.04303169,0.005625725,0,0,0
1989,419268,6,783261,29114,0.899999976,0.899999976,32,0,1,1,0,6,32,-0.105360545,1.791759491,13.57122135,-0.105360545,3.496507645,0.148419976,0,-0.253780514,1,0,0.233038902,10.27897453,0.235942841,0,32,3.496507645
1987,419272,35,4200000,31000,20.5,3.029999971,60,0,0,0,0,6,10.28571415,3.020424843,3.555348158,15.25059509,1.108562589,2.423537731,#N/A,0,#N/A,0,#N/A,#N/A,10.34174252,#N/A,#N/A,#N/A,#N/A
1988,419272,40,4800000,33000,24,4.170000076,10,0,0,0,1,8,2,3.178053856,3.68887949,15.38412666,1.42791605,1.098612309,3.020424843,0,0.157629013,0,0.133531332,0.13353157,10.40426254,0.062520027,0,-8.285714149,-1.324925423
1989,419272,43,5200000,34800,17,1.879999995,80,0,1,1,0,43,80,2.833213329,3.76120019,15.4641695,0.63127178,4.394449234,3.178053856,0,-0.344840527,1,0.0723207,0.080042839,10.45737267,0.053110123,0,78,3.295836926
1987,419275,15,930000,30000,#N/A,#N/A,100,0,0,0,0,4,26.66666603,#N/A,2.708050251,13.74293995,#N/A,3.320228338,#N/A,0,#N/A,0,#N/A,#N/A,10.30895233,#N/A,#N/A,#N/A,#N/A
1988,419275,18,980000,33000,#N/A,#N/A,100,0,0,0,1,5,27.77777863,#N/A,2.890371799,13.79530811,#N/A,3.359603405,#N/A,0,#N/A,0,0.182321548,0.052368164,10.40426254,0.095310211,0,1.111112595,0.039375067
1989,419275,21,1500000,35000,#N/A,#N/A,150,0,1,1,0,10,71.42857361,#N/A,3.044522524,14.22097588,#N/A,4.28260088,#N/A,0,#N/A,1,0.154150724,0.425667763,10.46310329,0.058840752,0,43.65079498,0.922997475
1987,419276,12,1200000,28000,#N/A,#N/A,#N/A,0,0,0,0,12,#N/A,#N/A,2.484906673,13.9978323,#N/A,#N/A,#N/A,0,#N/A,0,#N/A,#N/A,10.23995972,#N/A,#N/A,#N/A,#N/A
1988,419276,10,1300000,30000,#N/A,#N/A,#N/A,0,0,0,1,10,#N/A,#N/A,2.302585125,14.07787514,#N/A,#N/A,#N/A,0,#N/A,0,-0.182321548,0.080042839,10.30895233,0.068992615,0,#N/A,#N/A
1989,419276,8,1100000,30000,#N/A,#N/A,#N/A,0,0,1,0,8,#N/A,#N/A,2.079441547,13.91082096,#N/A,#N/A,#N/A,0,#N/A,0,-0.223143578,-0.167054176,10.30895233,0,0,#N/A,#N/A
1987,419289,13,1200000,18720,1.5,#N/A,0,0,0,0,0,0,0,0.405465096,2.564949274,13.9978323,#N/A,0,#N/A,0,#N/A,0,#N/A,#N/A,9.837347984,#N/A,#N/A,#N/A,#N/A
1988,419289,14,1350000,20800,1.409999967,#N/A,0,0,0,0,1,0,0,0.343589693,2.639057398,14.11561489,#N/A,0,0.405465096,0,-0.061875403,0,0.074108124,0.117782593,9.942708015,0.105360031,0,0,0
1989,419289,15,1480000,29120,0.949999988,#N/A,72,0,1,1,0,15,72,-0.051293306,2.708050251,14.20755291,#N/A,4.290459633,0.343589693,0,-0.394883007,1,0.068992853,0.091938019,10.27918053,0.336472511,0,72,4.290459633
1987,419297,150,22706650,22006,0.200000003,0.400000006,50,1,0,0,0,100,33.33333206,-1.609437943,5.010635376,16.93816757,-0.9162907,3.5361166,#N/A,0,#N/A,0,#N/A,#N/A,9.999070168,#N/A,#N/A,#N/A,#N/A
1988,419297,178,30766010,22027,0.310000002,0.319999993,40,1,0,0,1,60,13.48314571,-1.17118299,5.181783676,17.24192047,-1.139434338,2.672985554,-1.609437943,0,0.438254952,0,0.1711483,0.303752899,10.00002384,0.000953674,0,-19.85018539,-0.863131046
1989,419297,171,28427980,24107,0.270000011,0.479999989,20,1,0,1,0,40,4.67836237,-1.309333324,5.141663551,17.16288376,-0.733969212,1.736662865,-1.17118299,0,-0.138150334,0,-0.040120125,-0.079036713,10.09025764,0.090233803,0,-8.804782867,-0.936322689
1987,419298,80,10000000,33280,#N/A,#N/A,0,1,0,0,0,0,0,#N/A,4.382026672,16.1180954,#N/A,0,#N/A,0,#N/A,0,#N/A,#N/A,10.4127121,#N/A,#N/A,#N/A,#N/A
1988,419298,70,9000000,32240,#N/A,#N/A,0,1,0,0,1,0,0,#N/A,4.248495102,16.01273537,#N/A,0,#N/A,0,#N/A,0,-0.13353157,-0.105360031,10.38096333,-0.031748772,0,0,0
1989,419298,65,9500000,30784,#N/A,#N/A,40,1,1,1,0,60,36.92307663,#N/A,4.174387455,16.06680298,#N/A,3.635559797,#N/A,0,#N/A,1,-0.074107647,0.054067612,10.33475018,-0.04621315,0,36.92307663,3.635559797
1987,419302,333,#N/A,22360,#N/A,#N/A,0,0,0,0,0,0,0,#N/A,5.808142662,#N/A,#N/A,0,#N/A,0,#N/A,0,#N/A,#N/A,10.01502895,#N/A,#N/A,#N/A,#N/A
1988,419302,340,#N/A,22360,#N/A,#N/A,8,0,0,0,1,24,0.564705908,#N/A,5.828945637,#N/A,#N/A,0.447697878,#N/A,0,#N/A,0,0.020802975,#N/A,10.01502895,0,0,0.564705908,0.447697878
1989,419302,337,#N/A,22526,#N/A,#N/A,12,0,1,1,0,337,12,#N/A,5.820083141,#N/A,#N/A,2.564949274,#N/A,0,#N/A,1,-0.008862495,#N/A,10.02242565,0.007396698,0,11.43529415,2.117251396
1987,419303,6,875000,13500,#N/A,1.5,0,0,0,0,0,0,0,#N/A,1.791759491,13.68197918,0.405465096,0,#N/A,0,#N/A,0,#N/A,#N/A,9.510444641,#N/A,#N/A,#N/A,#N/A
1988,419303,8,15850000,14100,#N/A,1,20,0,0,0,1,2,5,#N/A,2.079441547,16.57868004,0,1.791759491,#N/A,0,#N/A,0,0.287682056,2.896700859,9.553930283,0.043485641,0,5,1.791759491
1989,419303,11,2250000,15050,#N/A,1.25,75,0,1,1,0,11,75,#N/A,2.397895336,14.626441,0.223143548,4.330733299,#N/A,0,#N/A,1,0.318453789,-1.952239037,9.619132996,0.065202713,0,70,2.538973808
1987,419305,5,#N/A,#N/A,#N/A,#N/A,0,1,0,0,0,0,0,#N/A,1.609437943,#N/A,#N/A,0,#N/A,0,#N/A,0,#N/A,#N/A,#N/A,#N/A,#N/A,#N/A,#N/A
1988,419305,5,#N/A,#N/A,#N/A,#N/A,0,1,0,0,1,0,0,#N/A,1.609437943,#N/A,#N/A,0,#N/A,0,#N/A,0,0,#N/A,#N/A,#N/A,0,0,0
1989,419305,5,#N/A,#N/A,#N/A,#N/A,9,1,1,1,0,5,9,#N/A,1.609437943,#N/A,#N/A,2.302585125,#N/A,0,#N/A,1,0,#N/A,#N/A,#N/A,0,9,2.302585125
1987,419307,262,18050000,22360,1,1.090000033,0,0,0,0,0,4,0,0,5.568344593,16.70865631,0.086177729,0,#N/A,0,#N/A,0,#N/A,#N/A,10.01502895,#N/A,#N/A,#N/A,#N/A
1988,419307,264,19270000,23026,0.850000024,1.070000052,24,0,0,0,1,3,0.272727281,-0.162518904,5.575949192,16.7740593,0.0676587,0.241162062,0,0,-0.162518904,0,0.007604599,0.065402985,10.04437923,0.029350281,0,0.272727281,0.241162062
1989,419307,302,22220000,21736,0.889999986,1.070000052,44,0,1,1,0,302,44,-0.116533831,5.710426807,16.91650391,0.0676587,3.80666256,-0.162518904,0,0.045985073,1,0.134477615,0.142444611,9.986724854,-0.057654381,0,43.72727203,3.565500498
1987,419309,6,600000,24960,#N/A,0.330000013,15,0,0,0,0,6,15,#N/A,1.791759491,13.30468464,-1.108662605,2.77258873,#N/A,0,#N/A,0,#N/A,#N/A,10.12502956,#N/A,#N/A,#N/A,#N/A
1988,419309,9,750000,28080,#N/A,0.400000006,20,0,0,0,1,9,20,#N/A,2.197224617,13.52782822,-0.9162907,3.044522524,#N/A,0,#N/A,0,0.405465126,0.223143578,10.24281311,0.117783546,0,5,0.271933794
1989,419309,12,1000000,30160,#N/A,0.400000006,55,0,1,1,0,12,55,#N/A,2.484906673,13.81551075,-0.9162907,4.025351524,#N/A,0,#N/A,1,0.287682056,0.287682533,10.31427193,0.071458817,0,35,0.980829
1987,419312,60,5845000,21133,#N/A,#N/A,#N/A,0,0,0,0,60,#N/A,#N/A,4.094344616,15.5810976,#N/A,#N/A,#N/A,0,#N/A,0,#N/A,#N/A,9.958591461,#N/A,#N/A,#N/A,#N/A
1988,419312,71,6927000,20904,#N/A,#N/A,#N/A,0,0,0,1,71,#N/A,#N/A,4.262680054,15.75093746,#N/A,#N/A,#N/A,0,#N/A,0,0.168335438,0.169839859,9.947695732,-0.010895729,0,#N/A,#N/A
1989,419312,97,11012000,21445,#N/A,#N/A,#N/A,0,0,1,0,97,#N/A,#N/A,4.574710846,16.21449661,#N/A,#N/A,#N/A,0,#N/A,0,0.312030792,0.463559151,9.973246574,0.025550842,0,#N/A,#N/A
1987,419319,60,#N/A,#N/A,#N/A,#N/A,40,0,0,0,0,60,40,#N/A,4.094344616,#N/A,#N/A,3.713572025,#N/A,0,#N/A,0,#N/A,#N/A,#N/A,#N/A,#N/A,#N/A,#N/A
1988,419319,69,#N/A,#N/A,#N/A,#N/A,50,0,0,0,1,69,50,#N/A,4.234106541,#N/A,#N/A,3.931825638,#N/A,0,#N/A,0,0.139761925,#N/A,#N/A,#N/A,0,10,0.218253613
1989,419319,78,#N/A,#N/A,#N/A,#N/A,50,0,0,1,0,78,50,#N/A,4.356709003,#N/A,#N/A,3.931825638,#N/A,0,#N/A,0,0.122602463,#N/A,#N/A,#N/A,0,0,0
1987,419328,27,2700000,#N/A,#N/A,#N/A,0,1,0,0,0,0,0,#N/A,3.295836926,14.80876255,#N/A,0,#N/A,0,#N/A,0,#N/A,#N/A,#N/A,#N/A,#N/A,#N/A,#N/A
1988,419328,27,2800000,#N/A,#N/A,#N/A,0,1,0,0,1,0,0,#N/A,3.295836926,14.84512997,#N/A,0,#N/A,0,#N/A,0,0,0.036367416,#N/A,#N/A,0,0,0
1989,419328,27,2800000,#N/A,#N/A,#N/A,12,1,1,1,0,27,12,#N/A,3.295836926,14.84512997,#N/A,2.564949274,#N/A,0,#N/A,1,0,0,#N/A,#N/A,0,12,2.564949274
1987,419335,57,8486927,40563,#N/A,#N/A,0,0,0,0,0,0,0,#N/A,4.043051243,15.95403767,#N/A,0,#N/A,0,#N/A,0,#N/A,#N/A,10.61061192,#N/A,#N/A,#N/A,#N/A
1988,419335,53,4327519,37429,#N/A,#N/A,40,0,0,0,1,10,7.547169685,#N/A,3.970291853,15.28050518,#N/A,2.14560008,#N/A,0,#N/A,0,-0.07275939,-0.673532486,10.53020096,-0.080410957,0,7.547169685,2.14560008
1989,419335,62,8533205,42583,#N/A,#N/A,40,0,0,1,0,5,3.225806475,#N/A,4.127134323,15.95947552,#N/A,1.441210151,#N/A,0,#N/A,0,0.15684247,0.678970337,10.65921021,0.129009247,0,-4.321363449,-0.70438993
1987,419339,40,8000000,15000,0.5,0.300000012,0,1,0,0,0,0,0,-0.693147182,3.68887949,15.89495182,-1.203972816,0,#N/A,0,#N/A,0,#N/A,#N/A,9.615805626,#N/A,#N/A,#N/A,#N/A
1988,419339,40,8500000,15500,0.589999974,0.340000004,0,1,0,0,1,0,0,-0.527632773,3.68887949,15.9555769,-1.078809619,0,-0.693147182,0,0.16551441,0,0,0.060625076,9.648594856,0.03278923,0,0,0
1989,419339,60,10000000,17000,0.449999988,0.219999999,0,1,0,1,0,0,0,-0.79850775,4.094344616,16.1180954,-1.514127731,0,-0.527632773,0,-0.270874977,0,0.405465126,0.162518501,9.740968704,0.092373848,0,0,0
1987,419343,100,10000000,15000,5,7,70,1,0,0,0,5,3.5,1.609437943,4.60517025,16.1180954,1.945910096,1.504077435,#N/A,0,#N/A,0,#N/A,#N/A,9.615805626,#N/A,#N/A,#N/A,#N/A
1988,419343,125,12000000,16000,4,8,25,1,0,0,1,21,4.199999809,1.386294365,4.828313828,16.30041695,2.079441547,1.648658633,1.609437943,0,-0.223143578,0,0.223143578,0.182321548,9.680343628,0.064538002,0,0.699999809,0.144581199
1989,419343,290,48000000,18700,3,10,17,1,1,1,0,290,17,1.098612309,5.669880867,17.68671227,2.302585125,2.890371799,1.386294365,0,-0.287682056,1,0.841567039,1.386295319,9.836278915,0.155935287,0,12.80000019,1.241713166
1987,419344,#N/A,#N/A,#N/A,#N/A,#N/A,0,0,0,0,0,0,#N/A,#N/A,#N/A,#N/A,#N/A,#N/A,#N/A,0,#N/A,0,#N/A,#N/A,#N/A,#N/A,#N/A,#N/A,#N/A
1988,419344,#N/A,#N/A,#N/A,#N/A,#N/A,0,0,0,0,1,0,#N/A,#N/A,#N/A,#N/A,#N/A,#N/A,#N/A,0,#N/A,0,#N/A,#N/A,#N/A,#N/A,0,#N/A,#N/A
1989,419344,9,1000000,17000,#N/A,#N/A,0,0,0,1,0,0,0,#N/A,2.197224617,13.81551075,#N/A,0,#N/A,0,#N/A,0,#N/A,#N/A,9.740968704,#N/A,0,#N/A,#N/A
1987,419347,#N/A,#N/A,#N/A,#N/A,#N/A,0,0,0,0,0,20,#N/A,#N/A,#N/A,#N/A,#N/A,#N/A,#N/A,0,#N/A,0,#N/A,#N/A,#N/A,#N/A,#N/A,#N/A,#N/A
1988,419347,#N/A,#N/A,#N/A,#N/A,#N/A,8,0,0,0,1,25,#N/A,#N/A,#N/A,#N/A,#N/A,#N/A,#N/A,0,#N/A,0,#N/A,#N/A,#N/A,#N/A,0,#N/A,#N/A
1989,419347,#N/A,#N/A,#N/A,#N/A,#N/A,13,0,1,1,0,81,#N/A,#N/A,#N/A,#N/A,#N/A,#N/A,#N/A,0,#N/A,1,#N/A,#N/A,#N/A,#N/A,0,#N/A,#N/A
1987,419351,12,#N/A,18000,#N/A,#N/A,0,0,0,0,0,0,0,#N/A,2.484906673,#N/A,#N/A,0,#N/A,0,#N/A,0,#N/A,#N/A,9.798127174,#N/A,#N/A,#N/A,#N/A
1988,419351,14,#N/A,18000,#N/A,#N/A,15,0,0,0,1,0,0,#N/A,2.639057398,#N/A,#N/A,0,#N/A,0,#N/A,0,0.154150724,#N/A,9.798127174,0,0,0,0
1989,419351,14,#N/A,19000,#N/A,#N/A,25,0,1,1,0,14,25,#N/A,2.639057398,#N/A,#N/A,3.258096457,#N/A,0,#N/A,1,0,#N/A,9.852193832,0.054066658,0,25,3.258096457
1987,419357,60,6870314,12750,2,2,50,0,0,0,0,60,50,0.693147182,4.094344616,15.7427206,0.693147182,3.931825638,#N/A,0,#N/A,0,#N/A,#N/A,9.453286171,#N/A,#N/A,#N/A,#N/A
1988,419357,65,7079852,11875,1,1,75,0,0,0,1,65,75,0,4.174387455,15.77276325,0,4.330733299,0.693147182,0,-0.693147182,0,0.080042839,0.030042648,9.382190704,-0.071095467,0,25,0.398907661
1989,419357,75,8040128,12625,0.5,0.5,120,0,1,1,0,75,120,-0.693147182,4.317488194,15.89995575,-0.693147182,4.795790672,0,0,-0.693147182,1,0.143100739,0.127192497,9.443434715,0.061244011,0,45,0.465057373
1987,419375,#N/A,2900000,#N/A,#N/A,#N/A,0,0,0,0,0,0,#N/A,#N/A,#N/A,14.88022137,#N/A,#N/A,#N/A,0,#N/A,0,#N/A,#N/A,#N/A,#N/A,#N/A,#N/A,#N/A
1988,419375,#N/A,2500000,#N/A,#N/A,#N/A,25,0,0,0,1,10,#N/A,#N/A,#N/A,14.73180103,#N/A,#N/A,#N/A,0,#N/A,0,#N/A,-0.148420334,#N/A,#N/A,0,#N/A,#N/A
1989,419375,#N/A,3100000,#N/A,#N/A,#N/A,140,0,1,1,0,8,#N/A,#N/A,#N/A,14.94691277,#N/A,#N/A,#N/A,0,#N/A,1,#N/A,0.215111732,#N/A,#N/A,0,#N/A,#N/A
1987,419376,32,6000000,15250,#N/A,#N/A,2,1,0,0,0,5,0.3125,#N/A,3.465735912,15.60727024,#N/A,0.271933705,#N/A,0,#N/A,0,#N/A,#N/A,9.632334709,#N/A,#N/A,#N/A,#N/A
1988,419376,36,6100000,16290,#N/A,#N/A,4,1,0,0,1,10,1.111111164,#N/A,3.583518982,15.62379932,#N/A,0.747214437,#N/A,0,#N/A,0,0.11778307,0.016529083,9.698307037,0.065972328,0,0.798611164,0.475280732
1989,419376,40,6300000,17370,#N/A,#N/A,38,1,1,1,0,40,38,#N/A,3.68887949,15.65606022,#N/A,3.663561583,#N/A,0,#N/A,1,0.105360508,0.032260895,9.762499809,0.064192772,0,36.88888931,2.916347027
1987,419378,20,2700000,10920,2.710000038,#N/A,50,0,0,0,0,5,12.5,0.996948659,2.995732307,14.80876255,#N/A,2.602689743,#N/A,0,#N/A,0,#N/A,#N/A,9.298351288,#N/A,#N/A,#N/A,#N/A
1988,419378,22,3100000,11856,1.519999981,#N/A,75,0,0,0,1,12,40.90909195,0.418710321,3.091042519,14.94691277,#N/A,3.73550272,0.996948659,0,-0.578238368,0,0.095310211,0.138150215,9.380589485,0.082238197,0,28.40909195,1.132812977
1989,419378,37,4700000,13520,1.340000033,#N/A,154,0,1,1,0,37,154,0.292669624,3.610917807,15.36307335,#N/A,5.043425083,0.418710321,0,-0.126040697,1,0.519875288,0.416160583,9.511925697,0.131336212,0,113.0909119,1.307922363
1987,419379,201,#N/A,23167,#N/A,#N/A,0,0,0,0,0,0,0,#N/A,5.303304672,#N/A,#N/A,0,#N/A,0,#N/A,0,#N/A,#N/A,10.0504837,#N/A,#N/A,#N/A,#N/A
1988,419379,201,#N/A,25929,#N/A,#N/A,0,0,0,0,1,0,0,#N/A,5.303304672,#N/A,#N/A,0,#N/A,0,#N/A,0,0,#N/A,10.16311741,0.112633705,0,0,0
1989,419379,237,#N/A,24965,#N/A,#N/A,24,0,1,1,0,70,7.088607788,#N/A,5.468060017,#N/A,#N/A,2.090456724,#N/A,0,#N/A,1,0.164755344,#N/A,10.12522984,-0.037887573,0,7.088607788,2.090456724
1987,419380,45,10000000,#N/A,#N/A,#N/A,0,0,0,0,0,0,0,#N/A,3.80666256,16.1180954,#N/A,0,#N/A,0,#N/A,0,#N/A,#N/A,#N/A,#N/A,#N/A,#N/A,#N/A
1988,419380,50,10000000,#N/A,#N/A,#N/A,0,0,0,0,1,0,0,#N/A,3.912023067,16.1180954,#N/A,0,#N/A,0,#N/A,0,0.105360508,0,#N/A,#N/A,0,0,0
1989,419380,55,12000000,#N/A,#N/A,#N/A,10,0,0,1,0,55,10,#N/A,4.007333279,16.30041695,#N/A,2.397895336,#N/A,0,#N/A,0,0.095310211,0.182321548,#N/A,#N/A,0,10,2.397895336
1987,419381,14,1585000,14560,0.649999976,#N/A,60,0,0,0,0,1,4.285714149,-0.430782944,2.639057398,14.27609539,#N/A,1.66500771,#N/A,0,#N/A,0,#N/A,#N/A,9.586032867,#N/A,#N/A,#N/A,#N/A
1988,419381,11,1560000,19240,0.550000012,#N/A,0,0,0,0,1,0,0,-0.597836971,2.397895336,14.26019669,#N/A,0,-0.430782944,0,-0.167054027,0,-0.241162062,-0.015898705,9.864747047,0.27871418,0,-4.285714149,-1.66500771
1989,419381,12,1747000,20280,0.379999995,#N/A,50,0,1,1,0,12,50,-0.967584014,2.484906673,14.37341022,#N/A,3.931825638,-0.597836971,0,-0.369747043,1,0.087011337,0.113213539,9.917390823,0.052643776,0,50,3.931825638
1987,419384,50,#N/A,24960,#N/A,#N/A,0,0,0,0,0,0,0,#N/A,3.912023067,#N/A,#N/A,0,#N/A,0,#N/A,0,#N/A,#N/A,10.12502956,#N/A,#N/A,#N/A,#N/A
1988,419384,73,#N/A,26520,#N/A,#N/A,0,0,0,0,1,2,0,#N/A,4.290459633,#N/A,#N/A,0,#N/A,0,#N/A,0,0.378436565,#N/A,10.18565464,0.060625076,0,0,0
1989,419384,83,#N/A,28080,#N/A,#N/A,110,0,1,1,0,30,39.75903702,#N/A,4.418840408,#N/A,#N/A,3.707677603,#N/A,0,#N/A,1,0.128380775,#N/A,10.24281311,0.05715847,0,39.75903702,3.707677603
1987,419388,40,2400000,16307,11,9,2,0,0,0,0,10,0.5,2.397895336,3.68887949,14.690979,2.197224617,0.405465096,#N/A,0,#N/A,0,#N/A,#N/A,9.699349403,#N/A,#N/A,#N/A,#N/A
1988,419388,36,2300000,16827,8,7,4,0,0,0,1,15,1.666666627,2.079441547,3.583518982,14.64841938,1.945910096,0.980829239,2.397895336,0,-0.318453789,0,-0.105360508,-0.042559624,9.730739594,0.03139019,0,1.166666627,0.575364113
1989,419388,33,2700000,17347,6,3,18,0,1,1,0,33,18,1.791759491,3.496507645,14.80876255,1.098612309,2.944438934,2.079441547,0,-0.287682056,1,-0.087011337,0.16034317,9.761175156,0.030435562,0,16.33333397,1.963609695
1987,419392,15,#N/A,18000,#N/A,#N/A,#N/A,0,0,0,0,15,#N/A,#N/A,2.708050251,#N/A,#N/A,#N/A,#N/A,0,#N/A,0,#N/A,#N/A,9.798127174,#N/A,#N/A,#N/A,#N/A
1988,419392,18,#N/A,19500,#N/A,#N/A,#N/A,0,0,0,1,18,#N/A,#N/A,2.890371799,#N/A,#N/A,#N/A,#N/A,0,#N/A,0,0.182321548,#N/A,9.878170013,0.080042839,0,#N/A,#N/A
1989,419392,21,#N/A,20900,#N/A,#N/A,#N/A,0,0,1,0,21,#N/A,#N/A,3.044522524,#N/A,#N/A,#N/A,#N/A,0,#N/A,0,0.154150724,#N/A,9.947504044,0.06933403,0,#N/A,#N/A
1987,419400,6,373164,17680,#N/A,#N/A,170,0,0,0,0,2,56.66666794,#N/A,1.791759491,12.82977295,#N/A,4.054679394,#N/A,0,#N/A,0,#N/A,#N/A,9.780189514,#N/A,#N/A,#N/A,#N/A
1988,419400,8,422611,17680,#N/A,#N/A,170,0,0,0,1,4,85,#N/A,2.079441547,12.95420742,#N/A,4.454347134,#N/A,0,#N/A,0,0.287682056,0.124434471,9.780189514,0,0,28.33333206,0.39966774
1989,419400,9,390210,17846,#N/A,#N/A,170,0,0,1,0,4,75.55555725,#N/A,2.197224617,12.87444019,#N/A,4.33801651,#N/A,0,#N/A,0,0.11778307,-0.079767227,9.789534569,0.009345055,0,-9.444442749,-0.116330624
1987,419401,62,5000000,29000,#N/A,#N/A,72,0,0,0,0,13,15.0967741,#N/A,4.127134323,15.42494869,#N/A,2.778618813,#N/A,0,#N/A,0,#N/A,#N/A,10.27505112,#N/A,#N/A,#N/A,#N/A
1988,419401,74,6000000,34000,#N/A,#N/A,72,0,0,0,1,13,12.64864826,#N/A,4.304065228,15.60727024,#N/A,2.613640547,#N/A,0,#N/A,0,0.176930904,0.182321548,10.43411541,0.159064293,0,-2.448125839,-0.164978266
1989,419401,82,8000000,39000,#N/A,#N/A,72,0,0,1,0,13,11.41463375,#N/A,4.406719208,15.89495182,#N/A,2.518875837,#N/A,0,#N/A,0,0.10265398,0.28768158,10.57131672,0.137201309,0,-1.234014511,-0.094764709
1987,419406,#N/A,1842243,#N/A,#N/A,#N/A,#N/A,0,0,0,0,#N/A,#N/A,#N/A,#N/A,14.4264946,#N/A,#N/A,#N/A,0,#N/A,0,#N/A,#N/A,#N/A,#N/A,#N/A,#N/A,#N/A
1988,419406,#N/A,2072633,#N/A,#N/A,#N/A,#N/A,0,0,0,1,#N/A,#N/A,#N/A,#N/A,14.5443306,#N/A,#N/A,#N/A,0,#N/A,0,#N/A,0.117835999,#N/A,#N/A,0,#N/A,#N/A
1989,419406,#N/A,2314928,#N/A,#N/A,#N/A,#N/A,0,0,1,0,#N/A,#N/A,#N/A,#N/A,14.65488911,#N/A,#N/A,#N/A,0,#N/A,0,#N/A,0.11055851,#N/A,#N/A,0,#N/A,#N/A
1987,419409,75,8450000,13416,2.25,0.5,20,0,0,0,0,40,10.66666698,0.810930192,4.317488194,15.94967747,-0.693147182,2.456735849,#N/A,0,#N/A,0,#N/A,#N/A,9.504202843,#N/A,#N/A,#N/A,#N/A
1988,419409,72,10298000,15184,2.5,0.5,26,0,0,0,1,72,26,0.91629076,4.276666164,16.14746094,-0.693147182,3.295836926,0.810930192,0,0.105360568,0,-0.040822029,0.19778347,9.627997398,0.123794556,0,15.33333302,0.839101076
1989,419409,75,10155000,17451,2,0.5,60,0,1,1,0,75,60,0.693147182,4.317488194,16.13347626,-0.693147182,4.110873699,0.91629076,0,-0.223143578,1,0.040822029,-0.01398468,9.767151833,0.139154434,0,34,0.815036774
1987,419410,26,#N/A,26667,#N/A,14,100,0,0,0,0,6,23.07692337,#N/A,3.258096457,#N/A,2.639057398,3.18125391,#N/A,0,#N/A,0,#N/A,#N/A,10.19118214,#N/A,#N/A,#N/A,#N/A
1988,419410,24,#N/A,24856,#N/A,10,100,0,0,0,1,8,33.33333206,#N/A,3.178053856,#N/A,2.302585125,3.5361166,#N/A,0,#N/A,0,-0.080042601,#N/A,10.12085438,-0.070327759,0,10.25640869,0.35486269
1989,419410,23,#N/A,25280,#N/A,9,120,0,1,1,0,23,120,#N/A,3.135494232,#N/A,2.197224617,4.795790672,#N/A,0,#N/A,1,-0.042559624,#N/A,10.13776875,0.016914368,0,86.66667175,1.259674072
1987,419420,19,1980000,15600,#N/A,#N/A,0,0,0,0,0,0,0,#N/A,2.944438934,14.49860764,#N/A,0,#N/A,0,#N/A,0,#N/A,#N/A,9.655026436,#N/A,#N/A,#N/A,#N/A
1988,419420,15,1600000,17160,#N/A,#N/A,0,0,0,0,1,0,0,#N/A,2.708050251,14.28551388,#N/A,0,#N/A,0,#N/A,0,-0.236388683,-0.213093758,9.750336647,0.095310211,0,0,0
1989,419420,12,1430000,18720,#N/A,#N/A,80,0,1,1,0,12,80,#N/A,2.484906673,14.17318535,#N/A,4.394449234,#N/A,0,#N/A,1,-0.223143578,-0.112328529,9.837347984,0.087011337,0,80,4.394449234
1987,419432,250,6000000,14352,5,3,#N/A,0,0,0,0,250,#N/A,1.609437943,5.52146101,15.60727024,1.098612309,#N/A,#N/A,0,#N/A,0,#N/A,#N/A,9.571644783,#N/A,#N/A,#N/A,#N/A
1988,419432,290,18000000,15184,4.800000191,3,#N/A,0,0,0,1,290,#N/A,1.568615913,5.669880867,16.70588303,1.098612309,#N/A,1.609437943,0,-0.040822029,0,0.148419857,1.098612785,9.627997398,0.056352615,0,#N/A,#N/A
1989,419432,350,54000000,16432,5.199999809,4,#N/A,0,0,1,0,350,#N/A,1.648658633,5.857933044,17.80449486,1.386294365,#N/A,1.568615913,0,0.08004272,0,0.188052177,1.098611832,9.706985474,0.078988075,0,#N/A,#N/A
1987,419433,19,1700000,16640,#N/A,#N/A,50,0,0,0,0,4,10.52631569,#N/A,2.944438934,14.34613895,#N/A,2.444632769,#N/A,0,#N/A,0,#N/A,#N/A,9.719564438,#N/A,#N/A,#N/A,#N/A
1988,419433,19,2000000,17160,#N/A,#N/A,15,0,0,0,1,19,15,#N/A,2.944438934,14.50865746,#N/A,2.77258873,#N/A,0,#N/A,0,0,0.162518501,9.750336647,0.030772209,0,4.473684311,0.327955961
1989,419433,21,2200000,17680,#N/A,#N/A,49,0,1,1,0,11,25.66666603,#N/A,3.044522524,14.60396767,#N/A,3.283414364,#N/A,0,#N/A,1,0.10008359,0.095310211,9.780189514,0.029852867,0,10.66666603,0.510825634
1987,419434,89,11380000,14394,#N/A,0,0,0,0,0,0,0,0,#N/A,4.488636494,16.24736786,#N/A,0,#N/A,0,#N/A,0,#N/A,#N/A,9.574566841,#N/A,#N/A,#N/A,#N/A
1988,419434,59,4748000,15454,#N/A,0.039999999,0,0,0,0,1,0,0,#N/A,4.077537537,15.3732338,-3.218875885,0,#N/A,0,#N/A,0,-0.411098957,-0.874134064,9.645623207,0.071056366,0,0,0
1989,419434,105,7175000,15558,#N/A,0.140000001,10,0,0,1,0,105,10,#N/A,4.653960228,15.78611374,-1.966112852,2.397895336,#N/A,0,#N/A,0,0.576422691,0.412879944,9.652330399,0.006707191,0,10,2.397895336
1987,419449,40,3317000,16640,#N/A,#N/A,30,0,0,0,0,40,30,#N/A,3.68887949,15.01457119,#N/A,3.433987141,#N/A,0,#N/A,0,#N/A,#N/A,9.719564438,#N/A,#N/A,#N/A,#N/A
1988,419449,55,3692000,16640,#N/A,#N/A,30,0,0,0,1,55,30,#N/A,4.007333279,15.12167931,#N/A,3.433987141,#N/A,0,#N/A,0,0.318453789,0.107108116,9.719564438,0,0,0,0
1989,419449,65,3252000,16640,#N/A,#N/A,30,0,0,1,0,15,6.923077106,#N/A,4.174387455,14.99478054,#N/A,2.069779634,#N/A,0,#N/A,0,0.167054176,-0.126898766,9.719564438,0,0,-23.07692337,-1.364207506
1987,419450,175,12500000,9360,#N/A,#N/A,0,0,0,0,0,0,0,#N/A,5.164785862,16.34123993,#N/A,0,#N/A,0,#N/A,0,#N/A,#N/A,9.144200325,#N/A,#N/A,#N/A,#N/A
1988,419450,225,12500000,10400,#N/A,#N/A,0,0,0,0,1,0,0,#N/A,5.416100502,16.34123993,#N/A,0,#N/A,0,#N/A,0,0.25131464,0,9.24956131,0.105360985,0,0,0
1989,419450,275,18200000,11440,#N/A,#N/A,3,0,0,1,0,200,2.181818247,#N/A,5.616771221,16.7169323,#N/A,1.157452822,#N/A,0,#N/A,0,0.200670719,0.375692368,9.344871521,0.095310211,0,2.181818247,1.157452822
1987,419459,110,15100000,21000,1.669999957,0.209999993,20,1,0,0,0,35,6.363636494,0.512823582,4.700480461,16.53020477,-1.560647726,1.996553898,#N/A,0,#N/A,0,#N/A,#N/A,9.952278137,#N/A,#N/A,#N/A,#N/A
1988,419459,125,16000000,21000,2.5,0.230000004,20,1,0,0,1,40,6.400000095,0.91629076,4.828313828,16.58809853,-1.469675899,2.001480103,0.512823582,0,0.403467178,0,0.127833366,0.057893753,9.952278137,0,0,0.036363602,0.004926205
1989,419459,225,28900000,21000,1.120000005,0.150000006,20,1,0,1,0,160,14.22222233,0.113328688,5.416100502,17.17935181,-1.897119999,2.722756386,0.91629076,0,-0.802962065,0,0.587786674,0.591253281,9.952278137,0,0,7.822222233,0.721276283
1987,419461,24,#N/A,14800,#N/A,#N/A,0,0,0,0,0,0,0,#N/A,3.178053856,#N/A,#N/A,0,#N/A,0,#N/A,0,#N/A,#N/A,9.60238266,#N/A,#N/A,#N/A,#N/A
1988,419461,23,#N/A,15200,#N/A,#N/A,0,0,0,0,1,0,0,#N/A,3.135494232,#N/A,#N/A,0,#N/A,0,#N/A,0,-0.042559624,#N/A,9.629050255,0.026667595,0,0,0
1989,419461,36,#N/A,15800,#N/A,#N/A,40,0,1,1,0,30,33.33333206,#N/A,3.583518982,#N/A,#N/A,3.5361166,#N/A,0,#N/A,1,0.44802475,#N/A,9.667765617,0.038715363,0,33.33333206,3.5361166
1987,419467,4,1494764,30000,#N/A,#N/A,80,0,0,0,0,4,80,#N/A,1.386294365,14.21747875,#N/A,4.394449234,#N/A,0,#N/A,0,#N/A,#N/A,10.30895233,#N/A,#N/A,#N/A,#N/A
1988,419467,5,2566104,31000,#N/A,#N/A,100,0,0,0,1,5,100,#N/A,1.609437943,14.75789928,#N/A,4.615120411,#N/A,0,#N/A,0,0.223143578,0.540420532,10.34174252,0.032790184,0,20,0.220671177
1989,419467,10,2191680,35000,#N/A,#N/A,100,0,0,1,0,10,100,#N/A,2.302585125,14.60017872,#N/A,4.615120411,#N/A,0,#N/A,0,0.693147182,-0.157720566,10.46310329,0.121360779,0,0,0
1987,419472,120,#N/A,13000,#N/A,#N/A,20,0,0,0,0,25,4.166666508,#N/A,4.787491798,#N/A,#N/A,1.64222765,#N/A,0,#N/A,0,#N/A,#N/A,9.472704887,#N/A,#N/A,#N/A,#N/A
1988,419472,100,#N/A,13500,#N/A,#N/A,20,0,0,0,1,25,5,#N/A,4.60517025,#N/A,#N/A,1.791759491,#N/A,0,#N/A,0,-0.182321548,#N/A,9.510444641,0.037739754,0,0.833333492,0.149531841
1989,419472,100,#N/A,14000,#N/A,#N/A,60,0,1,1,0,100,60,#N/A,4.60517025,#N/A,#N/A,4.110873699,#N/A,0,#N/A,1,0,#N/A,9.546813011,0.03636837,0,55,2.319114208
1987,419473,18,#N/A,#N/A,#N/A,#N/A,0,1,0,0,0,0,0,#N/A,2.890371799,#N/A,#N/A,0,#N/A,0,#N/A,0,#N/A,#N/A,#N/A,#N/A,#N/A,#N/A,#N/A
1988,419473,18,#N/A,#N/A,#N/A,#N/A,3,1,0,0,1,18,3,#N/A,2.890371799,#N/A,#N/A,1.386294365,#N/A,0,#N/A,0,0,#N/A,#N/A,#N/A,0,3,1.386294365
1989,419473,18,#N/A,#N/A,#N/A,#N/A,35,1,1,1,0,18,35,#N/A,2.890371799,#N/A,#N/A,3.583518982,#N/A,0,#N/A,1,0,#N/A,#N/A,#N/A,0,32,2.197224617
1987,419479,#N/A,#N/A,#N/A,#N/A,#N/A,0,0,0,0,0,0,#N/A,#N/A,#N/A,#N/A,#N/A,#N/A,#N/A,0,#N/A,0,#N/A,#N/A,#N/A,#N/A,#N/A,#N/A,#N/A
1988,419479,30,1503906,15500,#N/A,#N/A,0,0,0,0,1,0,0,#N/A,3.401197433,14.22357655,#N/A,0,#N/A,0,#N/A,0,#N/A,#N/A,9.648594856,#N/A,0,#N/A,#N/A
1989,419479,30,1360372,16500,#N/A,#N/A,20,0,0,1,0,13,8.666666985,#N/A,3.401197433,14.12326908,#N/A,2.268683672,#N/A,0,#N/A,0,0,-0.100307465,9.711115837,0.062520981,0,8.666666985,2.268683672
1987,419482,15,#N/A,#N/A,2.700000048,#N/A,0,0,0,0,0,0,0,0.993251801,2.708050251,#N/A,#N/A,0,#N/A,0,#N/A,0,#N/A,#N/A,#N/A,#N/A,#N/A,#N/A,#N/A
1988,419482,15,1000000,10000,2.589999914,#N/A,0,0,0,0,1,0,0,0.951657832,2.708050251,13.81551075,#N/A,0,0.993251801,0,-0.041593969,0,0,#N/A,9.2103405,#N/A,0,0,0
1989,419482,18,1000000,10000,2.799999952,#N/A,24,0,0,1,0,18,24,1.029619455,2.890371799,13.81551075,#N/A,3.218875885,0.951657832,0,0.077961624,0,0.182321548,0,9.2103405,0,0,24,3.218875885
1987,419483,133,11000000,13957,20,#N/A,0,1,0,0,0,0,0,2.995732307,4.890348911,16.21340561,#N/A,0,#N/A,0,#N/A,0,#N/A,#N/A,9.543736458,#N/A,#N/A,#N/A,#N/A
1988,419483,108,11500000,14810,25,#N/A,0,1,0,0,1,0,0,3.218875885,4.68213129,16.25785828,#N/A,0,2.995732307,0,0.223143578,0,-0.208217621,0.044452667,9.603057861,0.059321404,0,0,0
1989,419483,129,12000000,14227,30,#N/A,20,1,0,1,0,20,3.100775242,3.401197433,4.85981226,16.30041695,#N/A,1.411176085,3.218875885,0,0.182321548,0,0.177680969,0.04255867,9.562896729,-0.040161133,0,3.100775242,1.411176085
1987,419486,80,7000000,16000,#N/A,#N/A,0,0,0,0,0,0,0,#N/A,4.382026672,15.76142025,#N/A,0,#N/A,0,#N/A,0,#N/A,#N/A,9.680343628,#N/A,#N/A,#N/A,#N/A
1988,419486,90,8500000,17000,#N/A,#N/A,0,0,0,0,1,0,0,#N/A,4.499809742,15.9555769,#N/A,0,#N/A,0,#N/A,0,0.11778307,0.194156647,9.740968704,0.060625076,0,0,0
1989,419486,100,9900000,18000,#N/A,#N/A,40,0,1,1,0,90,36,#N/A,4.60517025,16.10804558,#N/A,3.610917807,#N/A,0,#N/A,1,0.105360508,0.152468681,9.798127174,0.05715847,0,36,3.610917807
